user_id	song_id	timestamp	duration_sec
U047	S0039	3/17/2025 18:12	278
U008	S0075	3/27/2025 5:52	275
U016	S0024	3/21/2025 1:13	284
U008	S0064	3/22/2025 18:13	197
U034	S0087	3/23/2025 19:35	287
U025	S0076	3/26/2025 1:16	233
U048	S0099	3/23/2025 19:47	289
U012	S0096	3/26/2025 1:06	87
U045	S0059	3/26/2025 19:30	244
U026	S0084	3/20/2025 7:27	164
U020	S0045	3/25/2025 22:12	38
U044	S0093	3/20/2025 9:47	74
U034	S0088	3/29/2025 13:25	181
U005	S0093	3/17/2025 8:18	221
U037	S0027	3/24/2025 0:24	212
U025	S0022	3/20/2025 11:38	60
U048	S0080	3/18/2025 1:08	112
U031	S0095	3/19/2025 7:43	295
U021	S0022	3/27/2025 14:42	72
U045	S0022	3/21/2025 21:43	246
U045	S0035	3/26/2025 11:47	80
U018	S0100	3/18/2025 3:33	287
U008	S0028	3/25/2025 4:37	279
U041	S0057	3/24/2025 19:48	101
U029	S0014	3/18/2025 23:53	154
U020	S0004	3/18/2025 18:55	209
U017	S0089	3/17/2025 20:38	292
U037	S0059	3/20/2025 14:07	96
U021	S0088	3/24/2025 4:53	92
U020	S0028	3/18/2025 10:10	122
U049	S0075	3/26/2025 10:58	220
U008	S0083	3/17/2025 3:19	296
U014	S0055	3/29/2025 5:45	186
U043	S0059	3/19/2025 2:29	241
U037	S0026	3/22/2025 22:11	147
U012	S0003	3/23/2025 14:39	285
U045	S0010	3/25/2025 15:45	106
U046	S0092	3/28/2025 21:17	101
U008	S0075	3/20/2025 6:35	188
U033	S0036	3/19/2025 10:31	156
U034	S0092	3/26/2025 4:29	146
U025	S0099	3/17/2025 6:16	182
U008	S0083	3/22/2025 5:00	286
U029	S0072	3/18/2025 16:29	289
U017	S0070	3/19/2025 12:21	262
U030	S0040	3/29/2025 1:05	189
U011	S0099	3/23/2025 21:32	121
U044	S0020	3/27/2025 13:05	32
U023	S0066	3/25/2025 15:48	214
U017	S0001	3/21/2025 17:49	32
U025	S0077	3/19/2025 22:17	138
U029	S0037	3/19/2025 1:57	123
U002	S0028	3/26/2025 6:52	95
U047	S0076	3/20/2025 7:09	83
U030	S0055	3/21/2025 1:09	280
U010	S0036	3/27/2025 19:55	77
U042	S0078	3/17/2025 13:36	232
U047	S0033	3/19/2025 11:20	140
U007	S0016	3/23/2025 23:01	181
U042	S0056	3/29/2025 13:53	114
U007	S0093	3/28/2025 10:54	159
U013	S0026	3/17/2025 21:31	31
U004	S0097	3/21/2025 0:02	75
U024	S0092	3/19/2025 13:13	138
U011	S0079	3/18/2025 12:15	268
U007	S0075	3/19/2025 18:44	35
U036	S0006	3/27/2025 22:26	163
U030	S0076	3/23/2025 15:47	49
U034	S0048	3/27/2025 3:01	215
U011	S0022	3/19/2025 6:12	298
U006	S0075	3/17/2025 5:19	143
U014	S0097	3/29/2025 18:47	64
U010	S0058	3/23/2025 8:15	157
U020	S0004	3/26/2025 4:28	139
U049	S0034	3/19/2025 16:08	163
U009	S0093	3/20/2025 4:01	92
U027	S0059	3/21/2025 5:32	284
U024	S0083	3/28/2025 10:06	271
U024	S0004	3/21/2025 3:02	94
U036	S0022	3/19/2025 14:39	186
U024	S0042	3/23/2025 6:17	157
U023	S0076	3/20/2025 7:58	188
U032	S0011	3/23/2025 15:59	293
U034	S0014	3/24/2025 13:26	220
U012	S0064	3/20/2025 8:15	141
U018	S0040	3/23/2025 13:10	222
U005	S0095	3/20/2025 7:28	63
U035	S0070	3/26/2025 23:52	268
U047	S0060	3/21/2025 9:45	58
U037	S0017	3/18/2025 13:39	128
U049	S0040	3/27/2025 12:20	40
U043	S0025	3/22/2025 20:11	97
U017	S0019	3/22/2025 15:31	171
U024	S0031	3/27/2025 4:52	234
U020	S0034	3/29/2025 21:57	100
U017	S0047	3/28/2025 12:10	74
U042	S0042	3/19/2025 8:27	198
U006	S0097	3/24/2025 12:30	141
U026	S0017	3/19/2025 13:14	42
U038	S0093	3/27/2025 6:39	168
U001	S0095	3/20/2025 5:20	69
U009	S0028	3/27/2025 12:38	122
U022	S0024	3/21/2025 17:48	233
U049	S0055	3/20/2025 17:23	118
U029	S0004	3/27/2025 1:54	48
U019	S0061	3/22/2025 0:13	209
U008	S0028	3/24/2025 1:26	74
U039	S0011	3/22/2025 14:01	55
U008	S0097	3/19/2025 11:40	201
U015	S0018	3/23/2025 8:13	77
U045	S0002	3/25/2025 21:21	51
U030	S0090	3/27/2025 3:46	128
U045	S0094	3/29/2025 3:45	251
U034	S0007	3/27/2025 21:46	229
U030	S0096	3/25/2025 11:17	141
U005	S0095	3/26/2025 2:12	57
U004	S0076	3/20/2025 0:25	73
U014	S0034	3/18/2025 20:12	287
U030	S0081	3/23/2025 23:20	203
U031	S0043	3/26/2025 6:43	31
U031	S0062	3/20/2025 13:30	131
U050	S0068	3/22/2025 18:09	120
U040	S0026	3/26/2025 10:20	249
U018	S0069	3/27/2025 13:53	181
U003	S0097	3/26/2025 14:09	197
U012	S0073	3/28/2025 18:18	144
U027	S0053	3/19/2025 23:56	132
U042	S0037	3/26/2025 23:57	80
U024	S0032	3/27/2025 20:39	279
U011	S0039	3/19/2025 8:02	79
U037	S0086	3/19/2025 4:44	229
U036	S0015	3/21/2025 8:52	114
U018	S0098	3/27/2025 23:39	97
U014	S0005	3/24/2025 17:43	88
U031	S0031	3/18/2025 11:10	143
U014	S0085	3/27/2025 7:49	54
U036	S0047	3/25/2025 10:28	43
U010	S0005	3/19/2025 1:26	45
U031	S0039	3/20/2025 23:19	245
U043	S0010	3/25/2025 1:15	260
U011	S0092	3/17/2025 21:51	228
U031	S0053	3/22/2025 21:35	149
U009	S0092	3/17/2025 19:42	179
U032	S0026	3/28/2025 16:37	225
U029	S0095	3/29/2025 18:21	254
U034	S0008	3/27/2025 19:07	273
U017	S0078	3/19/2025 9:46	138
U002	S0028	3/25/2025 16:30	60
U011	S0034	3/25/2025 5:14	85
U037	S0021	3/24/2025 13:21	42
U005	S0075	3/23/2025 6:12	78
U008	S0005	3/17/2025 4:47	223
U028	S0055	3/25/2025 22:43	264
U027	S0025	3/20/2025 3:42	112
U003	S0058	3/29/2025 7:04	92
U007	S0097	3/21/2025 0:20	183
U025	S0058	3/22/2025 10:47	274
U004	S0036	3/21/2025 17:30	287
U021	S0034	3/27/2025 19:35	103
U050	S0002	3/17/2025 2:47	56
U029	S0001	3/23/2025 3:51	289
U014	S0035	3/23/2025 4:08	289
U038	S0066	3/20/2025 4:21	226
U016	S0016	3/28/2025 18:17	90
U002	S0060	3/21/2025 16:10	30
U020	S0042	3/28/2025 2:10	140
U014	S0013	3/28/2025 4:59	82
U011	S0049	3/26/2025 0:13	233
U042	S0052	3/26/2025 8:11	81
U021	S0085	3/27/2025 2:22	220
U044	S0027	3/20/2025 2:18	298
U022	S0050	3/20/2025 8:00	200
U006	S0028	3/28/2025 15:31	194
U046	S0076	3/21/2025 5:04	224
U033	S0073	3/17/2025 5:08	86
U004	S0036	3/19/2025 17:27	263
U028	S0089	3/25/2025 3:31	91
U033	S0043	3/28/2025 16:57	111
U034	S0058	3/21/2025 8:23	57
U042	S0079	3/18/2025 13:04	148
U038	S0045	3/22/2025 22:13	94
U012	S0028	3/17/2025 4:14	122
U020	S0049	3/25/2025 4:54	95
U008	S0036	3/20/2025 5:59	290
U031	S0046	3/18/2025 0:43	221
U041	S0026	3/21/2025 15:24	169
U023	S0081	3/24/2025 16:23	98
U012	S0060	3/27/2025 16:37	63
U005	S0075	3/29/2025 17:09	61
U047	S0064	3/23/2025 22:17	250
U033	S0035	3/18/2025 7:31	88
U027	S0064	3/18/2025 8:05	251
U033	S0058	3/20/2025 1:55	195
U024	S0083	3/21/2025 15:03	64
U046	S0067	3/23/2025 8:04	246
U014	S0001	3/23/2025 0:17	299
U046	S0028	3/17/2025 22:18	58
U042	S0028	3/22/2025 8:03	148
U015	S0055	3/21/2025 9:25	220
U038	S0073	3/25/2025 9:49	240
U046	S0035	3/28/2025 10:30	293
U009	S0093	3/26/2025 21:04	61
U025	S0029	3/21/2025 18:14	253
U027	S0100	3/29/2025 1:11	90
U029	S0067	3/21/2025 18:26	251
U033	S0052	3/28/2025 10:05	44
U008	S0095	3/21/2025 23:21	274
U025	S0052	3/19/2025 4:01	158
U025	S0009	3/29/2025 1:25	98
U013	S0064	3/28/2025 3:10	89
U035	S0008	3/23/2025 20:30	134
U021	S0031	3/28/2025 17:57	156
U048	S0083	3/20/2025 18:16	240
U007	S0046	3/29/2025 10:43	77
U030	S0053	3/25/2025 10:29	287
U014	S0034	3/27/2025 9:40	56
U027	S0095	3/28/2025 7:53	160
U019	S0067	3/20/2025 2:00	265
U013	S0082	3/29/2025 13:52	66
U002	S0046	3/22/2025 4:39	247
U050	S0083	3/22/2025 23:52	74
U025	S0024	3/23/2025 2:11	61
U012	S0097	3/28/2025 15:46	128
U003	S0072	3/25/2025 2:07	30
U011	S0091	3/26/2025 17:20	271
U001	S0093	3/19/2025 3:22	59
U004	S0091	3/20/2025 23:04	232
U007	S0091	3/29/2025 16:14	145
U006	S0024	3/25/2025 17:49	125
U037	S0043	3/27/2025 9:53	217
U045	S0079	3/18/2025 5:51	45
U026	S0066	3/22/2025 4:25	238
U010	S0005	3/17/2025 1:11	264
U010	S0058	3/27/2025 10:42	156
U025	S0019	3/24/2025 9:56	185
U020	S0013	3/25/2025 2:23	275
U026	S0094	3/20/2025 18:32	93
U050	S0080	3/21/2025 11:02	129
U034	S0100	3/29/2025 16:42	299
U029	S0008	3/29/2025 12:15	283
U038	S0037	3/22/2025 1:41	278
U035	S0084	3/22/2025 23:22	254
U021	S0086	3/20/2025 9:49	83
U049	S0061	3/26/2025 12:45	70
U020	S0014	3/26/2025 9:58	297
U042	S0059	3/21/2025 0:01	227
U041	S0033	3/25/2025 17:47	286
U015	S0043	3/20/2025 3:34	54
U024	S0073	3/20/2025 15:35	219
U004	S0097	3/22/2025 11:33	217
U033	S0006	3/24/2025 8:11	249
U040	S0087	3/26/2025 2:12	105
U048	S0012	3/29/2025 21:11	145
U003	S0095	3/17/2025 23:41	134
U013	S0068	3/23/2025 4:17	72
U038	S0062	3/25/2025 3:00	236
U005	S0093	3/24/2025 6:48	100
U034	S0024	3/17/2025 1:04	49
U011	S0052	3/23/2025 17:43	134
U050	S0067	3/29/2025 22:58	290
U010	S0095	3/17/2025 15:04	60
U021	S0025	3/22/2025 4:30	220
U010	S0028	3/25/2025 9:11	151
U047	S0082	3/17/2025 14:16	288
U030	S0097	3/26/2025 13:12	277
U013	S0034	3/29/2025 12:44	147
U006	S0028	3/23/2025 18:28	121
U035	S0087	3/20/2025 11:11	256
U003	S0046	3/21/2025 10:10	179
U047	S0058	3/26/2025 19:37	111
U038	S0035	3/23/2025 14:21	225
U047	S0078	3/25/2025 11:17	71
U040	S0089	3/27/2025 22:59	268
U046	S0094	3/24/2025 2:55	99
U010	S0097	3/21/2025 4:37	283
U042	S0031	3/27/2025 4:25	185
U015	S0001	3/26/2025 4:13	149
U012	S0015	3/27/2025 11:26	273
U001	S0028	3/19/2025 23:56	295
U017	S0093	3/19/2025 0:28	31
U037	S0030	3/28/2025 15:45	259
U001	S0028	3/21/2025 14:21	71
U040	S0028	3/22/2025 4:34	175
U037	S0033	3/29/2025 11:38	201
U045	S0021	3/19/2025 15:46	175
U046	S0048	3/29/2025 19:30	122
U049	S0038	3/17/2025 4:39	253
U003	S0097	3/20/2025 21:12	289
U023	S0038	3/25/2025 21:21	241
U008	S0036	3/24/2025 14:10	243
U049	S0026	3/23/2025 1:45	257
U022	S0066	3/27/2025 21:35	265
U003	S0005	3/26/2025 14:35	206
U026	S0097	3/21/2025 22:36	206
U017	S0093	3/21/2025 5:18	120
U027	S0015	3/25/2025 11:13	291
U025	S0073	3/22/2025 17:41	195
U008	S0091	3/29/2025 16:14	255
U004	S0028	3/27/2025 0:46	228
U028	S0059	3/24/2025 11:34	187
U002	S0005	3/29/2025 15:06	105
U047	S0050	3/29/2025 5:45	231
U043	S0076	3/20/2025 14:58	223
U014	S0076	3/21/2025 15:27	275
U020	S0076	3/17/2025 3:44	207
U014	S0065	3/24/2025 15:47	103
U030	S0047	3/27/2025 11:14	124
U013	S0028	3/28/2025 17:10	240
U026	S0067	3/17/2025 2:53	290
U037	S0010	3/25/2025 7:26	270
U030	S0086	3/29/2025 23:40	219
U017	S0065	3/17/2025 3:20	86
U026	S0009	3/24/2025 15:55	199
U031	S0041	3/21/2025 15:44	131
U007	S0028	3/27/2025 17:56	196
U030	S0008	3/21/2025 19:40	45
U006	S0028	3/27/2025 0:46	294
U013	S0100	3/27/2025 22:16	115
U028	S0035	3/25/2025 16:53	159
U021	S0007	3/25/2025 7:23	151
U037	S0011	3/28/2025 17:22	73
U020	S0047	3/21/2025 23:05	108
U024	S0032	3/24/2025 18:18	169
U008	S0095	3/24/2025 15:51	159
U023	S0062	3/17/2025 8:38	243
U013	S0057	3/17/2025 20:22	196
U009	S0028	3/29/2025 12:54	232
U018	S0082	3/18/2025 15:09	190
U032	S0098	3/20/2025 22:06	175
U049	S0024	3/21/2025 17:01	44
U035	S0099	3/24/2025 4:14	33
U013	S0029	3/21/2025 10:38	200
U029	S0040	3/27/2025 9:42	280
U014	S0005	3/18/2025 7:52	217
U038	S0082	3/24/2025 19:33	129
U033	S0017	3/22/2025 7:39	159
U006	S0030	3/20/2025 0:34	219
U034	S0007	3/20/2025 13:28	107
U039	S0012	3/26/2025 3:48	169
U016	S0068	3/28/2025 19:30	239
U005	S0093	3/29/2025 10:10	144
U028	S0006	3/29/2025 23:22	159
U032	S0053	3/20/2025 21:11	250
U010	S0093	3/18/2025 3:29	148
U004	S0092	3/24/2025 9:52	291
U023	S0021	3/22/2025 3:55	44
U017	S0063	3/29/2025 7:53	244
U027	S0032	3/25/2025 20:18	224
U038	S0062	3/29/2025 8:20	253
U047	S0049	3/20/2025 17:38	101
U005	S0091	3/18/2025 20:29	105
U045	S0034	3/26/2025 11:29	299
U050	S0058	3/18/2025 5:10	242
U029	S0014	3/20/2025 23:52	67
U004	S0092	3/18/2025 20:07	97
U003	S0075	3/27/2025 13:40	45
U037	S0008	3/19/2025 8:15	112
U007	S0036	3/25/2025 9:39	110
U048	S0075	3/26/2025 4:35	223
U023	S0056	3/17/2025 9:59	50
U001	S0028	3/25/2025 12:03	180
U048	S0052	3/20/2025 5:20	204
U042	S0077	3/20/2025 3:08	195
U016	S0002	3/20/2025 16:46	103
U039	S0032	3/19/2025 17:43	114
U046	S0026	3/21/2025 5:47	167
U039	S0066	3/19/2025 1:43	57
U028	S0096	3/28/2025 23:42	176
U015	S0089	3/22/2025 7:42	61
U012	S0030	3/25/2025 23:33	200
U029	S0096	3/25/2025 18:58	246
U024	S0058	3/21/2025 16:47	136
U002	S0058	3/23/2025 15:53	236
U023	S0086	3/25/2025 3:57	233
U049	S0029	3/28/2025 10:13	278
U038	S0015	3/21/2025 15:23	97
U014	S0075	3/28/2025 20:01	252
U032	S0099	3/25/2025 10:01	61
U035	S0032	3/24/2025 10:58	159
U046	S0026	3/19/2025 0:29	63
U037	S0035	3/29/2025 20:09	61
U041	S0001	3/25/2025 10:59	225
U019	S0084	3/17/2025 1:52	256
U015	S0048	3/28/2025 23:54	157
U022	S0056	3/18/2025 22:36	289
U004	S0036	3/23/2025 1:27	228
U007	S0058	3/19/2025 19:58	61
U005	S0036	3/27/2025 19:28	119
U023	S0053	3/29/2025 18:36	97
U021	S0088	3/17/2025 23:27	56
U009	S0028	3/26/2025 20:15	248
U048	S0094	3/27/2025 13:55	63
U025	S0060	3/20/2025 1:21	175
U005	S0097	3/19/2025 7:15	52
U041	S0034	3/21/2025 11:37	114
U048	S0084	3/29/2025 6:04	30
U009	S0095	3/24/2025 14:20	294
U034	S0088	3/28/2025 10:03	30
U012	S0032	3/19/2025 6:38	41
U041	S0020	3/20/2025 22:31	183
U048	S0046	3/17/2025 0:33	105
U037	S0043	3/20/2025 22:50	57
U002	S0075	3/25/2025 13:07	45
U046	S0087	3/18/2025 1:04	71
U008	S0097	3/27/2025 22:21	273
U039	S0093	3/26/2025 12:23	138
U007	S0092	3/19/2025 1:03	75
U011	S0083	3/17/2025 10:04	111
U037	S0089	3/25/2025 2:21	201
U023	S0014	3/24/2025 7:40	53
U031	S0013	3/22/2025 9:49	135
U016	S0012	3/19/2025 19:37	144
U026	S0053	3/19/2025 17:05	54
U046	S0092	3/19/2025 0:08	39
U002	S0046	3/25/2025 6:46	198
U008	S0093	3/26/2025 23:14	190
U037	S0077	3/18/2025 4:42	32
U023	S0064	3/27/2025 16:25	182
U039	S0068	3/29/2025 3:18	140
U020	S0064	3/26/2025 18:13	190
U015	S0060	3/24/2025 16:09	245
U018	S0029	3/29/2025 9:56	206
U020	S0075	3/27/2025 14:00	247
U032	S0050	3/25/2025 9:41	117
U032	S0052	3/27/2025 4:32	143
U048	S0083	3/19/2025 14:20	107
U001	S0036	3/18/2025 18:02	257
U046	S0032	3/23/2025 22:54	95
U002	S0095	3/28/2025 5:41	115
U046	S0081	3/25/2025 8:21	164
U049	S0072	3/21/2025 7:18	220
U021	S0008	3/25/2025 15:05	228
U029	S0006	3/18/2025 9:23	293
U025	S0078	3/29/2025 10:32	290
U035	S0015	3/17/2025 9:26	207
U025	S0042	3/28/2025 6:46	197
U043	S0065	3/21/2025 23:38	266
U027	S0022	3/26/2025 11:47	107
U041	S0028	3/28/2025 22:36	111
U034	S0010	3/19/2025 2:19	290
U021	S0076	3/17/2025 3:11	70
U004	S0058	3/18/2025 15:21	254
U002	S0079	3/23/2025 19:54	272
U036	S0095	3/26/2025 5:31	77
U019	S0027	3/25/2025 4:00	30
U015	S0059	3/29/2025 17:06	190
U036	S0004	3/23/2025 18:19	115
U044	S0077	3/23/2025 15:46	70
U042	S0027	3/29/2025 0:01	51
U039	S0059	3/29/2025 13:12	65
U042	S0064	3/26/2025 16:05	117
U030	S0029	3/19/2025 7:03	66
U037	S0034	3/23/2025 13:30	162
U046	S0063	3/22/2025 21:57	280
U024	S0085	3/17/2025 20:33	53
U007	S0058	3/24/2025 5:13	51
U007	S0093	3/21/2025 5:07	254
U046	S0065	3/22/2025 22:52	46
U003	S0046	3/25/2025 7:35	130
U001	S0092	3/22/2025 14:13	204
U025	S0038	3/22/2025 6:15	257
U023	S0022	3/27/2025 4:52	257
U014	S0071	3/19/2025 10:14	157
U002	S0095	3/22/2025 19:41	115
U024	S0050	3/20/2025 13:00	233
U035	S0011	3/28/2025 19:12	89
U025	S0031	3/17/2025 4:14	184
U001	S0028	3/28/2025 6:28	190
U015	S0005	3/18/2025 22:46	148
U041	S0081	3/29/2025 5:22	188
U010	S0095	3/26/2025 10:49	141
U012	S0023	3/28/2025 3:27	129
U028	S0001	3/18/2025 19:12	33
U010	S0058	3/19/2025 15:51	153
U041	S0049	3/19/2025 0:51	33
U031	S0088	3/25/2025 16:54	197
U016	S0084	3/28/2025 5:51	76
U034	S0100	3/28/2025 20:23	205
U044	S0026	3/21/2025 3:10	205
U016	S0056	3/26/2025 22:55	216
U024	S0047	3/18/2025 14:12	136
U047	S0004	3/29/2025 23:42	273
U041	S0070	3/19/2025 5:11	103
U046	S0099	3/18/2025 16:34	191
U035	S0053	3/23/2025 3:39	167
U002	S0093	3/27/2025 17:51	77
U007	S0088	3/25/2025 2:30	178
U033	S0038	3/26/2025 23:48	233
U035	S0088	3/26/2025 3:23	125
U028	S0009	3/27/2025 8:54	281
U022	S0009	3/17/2025 16:40	300
U037	S0054	3/20/2025 21:58	59
U002	S0058	3/18/2025 13:33	248
U029	S0044	3/20/2025 11:25	87
U019	S0005	3/23/2025 3:42	241
U033	S0008	3/20/2025 22:13	113
U026	S0075	3/19/2025 5:15	137
U040	S0038	3/23/2025 0:41	267
U050	S0042	3/18/2025 12:42	252
U007	S0091	3/29/2025 13:28	250
U047	S0012	3/18/2025 10:12	47
U017	S0011	3/18/2025 6:54	34
U021	S0079	3/25/2025 15:01	211
U023	S0002	3/29/2025 16:44	66
U012	S0005	3/23/2025 23:28	127
U019	S0041	3/17/2025 22:25	135
U047	S0014	3/19/2025 16:18	173
U034	S0017	3/27/2025 3:54	53
U005	S0046	3/23/2025 3:13	61
U044	S0049	3/23/2025 7:39	243
U009	S0097	3/17/2025 9:10	158
U026	S0096	3/20/2025 15:39	57
U019	S0078	3/20/2025 22:04	205
U001	S0005	3/26/2025 4:57	185
U023	S0020	3/24/2025 22:34	219
U044	S0074	3/17/2025 9:33	125
U032	S0011	3/23/2025 10:24	119
U035	S0044	3/17/2025 15:54	150
U044	S0017	3/26/2025 14:06	225
U036	S0088	3/18/2025 14:49	35
U029	S0036	3/25/2025 10:57	270
U018	S0096	3/22/2025 22:10	267
U036	S0039	3/23/2025 1:29	252
U045	S0080	3/19/2025 13:32	246
U023	S0021	3/19/2025 11:18	230
U027	S0099	3/29/2025 15:18	210
U001	S0066	3/26/2025 9:34	103
U033	S0012	3/20/2025 16:11	231
U014	S0078	3/23/2025 1:00	80
U046	S0053	3/28/2025 20:29	144
U033	S0058	3/20/2025 9:09	214
U037	S0069	3/22/2025 18:13	285
U003	S0092	3/20/2025 0:57	115
U002	S0058	3/22/2025 21:08	31
U046	S0047	3/28/2025 1:06	173
U050	S0085	3/22/2025 0:58	187
U015	S0096	3/25/2025 12:14	206
U004	S0093	3/18/2025 1:19	146
U045	S0048	3/24/2025 6:11	57
U035	S0016	3/21/2025 5:36	105
U002	S0092	3/17/2025 19:35	247
U024	S0032	3/26/2025 18:02	148
U022	S0050	3/26/2025 3:06	182
U027	S0010	3/19/2025 10:30	240
U038	S0073	3/29/2025 15:16	108
U029	S0058	3/20/2025 11:21	76
U042	S0060	3/24/2025 8:00	48
U009	S0028	3/27/2025 9:57	56
U032	S0064	3/29/2025 4:10	209
U025	S0055	3/29/2025 21:14	231
U011	S0023	3/20/2025 22:19	169
U003	S0093	3/29/2025 6:35	82
U006	S0091	3/28/2025 15:39	272
U037	S0067	3/22/2025 2:50	181
U006	S0093	3/19/2025 6:57	138
U022	S0090	3/19/2025 16:42	172
U034	S0051	3/27/2025 8:15	121
U021	S0089	3/17/2025 11:08	290
U006	S0060	3/17/2025 12:20	195
U025	S0082	3/25/2025 8:19	295
U044	S0092	3/24/2025 7:13	217
U042	S0029	3/27/2025 20:23	90
U031	S0088	3/27/2025 15:43	67
U018	S0064	3/25/2025 22:58	141
U008	S0066	3/20/2025 11:30	58
U036	S0052	3/22/2025 18:53	64
U042	S0016	3/27/2025 22:16	135
U044	S0050	3/17/2025 4:08	113
U016	S0008	3/29/2025 15:06	211
U045	S0084	3/18/2025 11:02	90
U016	S0076	3/28/2025 8:55	120
U034	S0015	3/20/2025 10:32	177
U032	S0095	3/22/2025 4:27	162
U048	S0042	3/17/2025 17:53	116
U021	S0020	3/26/2025 17:39	226
U022	S0017	3/24/2025 16:50	172
U025	S0061	3/24/2025 23:00	172
U024	S0088	3/23/2025 20:08	71
U022	S0072	3/18/2025 8:42	70
U030	S0097	3/24/2025 0:50	233
U012	S0016	3/27/2025 22:03	180
U012	S0073	3/22/2025 20:46	122
U042	S0069	3/21/2025 2:14	259
U013	S0062	3/17/2025 13:42	243
U013	S0032	3/29/2025 23:48	147
U038	S0078	3/27/2025 18:33	41
U002	S0092	3/22/2025 1:35	209
U038	S0010	3/23/2025 18:01	199
U023	S0057	3/18/2025 9:50	288
U048	S0090	3/29/2025 6:33	297
U047	S0058	3/26/2025 3:40	142
U027	S0049	3/25/2025 20:39	98
U050	S0021	3/24/2025 8:52	32
U013	S0010	3/25/2025 6:16	238
U027	S0034	3/17/2025 9:32	33
U033	S0049	3/19/2025 5:33	137
U033	S0020	3/28/2025 10:30	258
U016	S0016	3/17/2025 0:26	166
U021	S0057	3/21/2025 11:20	239
U013	S0083	3/24/2025 6:04	59
U020	S0004	3/24/2025 11:09	257
U049	S0058	3/19/2025 11:39	193
U037	S0056	3/23/2025 10:27	121
U020	S0052	3/19/2025 3:30	254
U036	S0095	3/19/2025 17:04	193
U034	S0088	3/18/2025 10:49	52
U002	S0093	3/26/2025 8:43	178
U014	S0086	3/27/2025 23:19	149
U046	S0073	3/18/2025 5:10	289
U032	S0065	3/19/2025 16:32	285
U020	S0051	3/25/2025 4:51	245
U001	S0036	3/25/2025 18:34	76
U012	S0011	3/27/2025 11:58	170
U023	S0095	3/22/2025 1:11	180
U017	S0084	3/20/2025 12:05	207
U012	S0039	3/23/2025 3:12	128
U039	S0080	3/23/2025 14:44	82
U033	S0095	3/29/2025 23:09	52
U034	S0079	3/24/2025 2:22	76
U006	S0036	3/23/2025 5:38	85
U041	S0058	3/27/2025 12:08	272
U033	S0078	3/25/2025 6:15	112
U020	S0037	3/24/2025 7:08	197
U024	S0090	3/28/2025 10:35	297
U006	S0036	3/24/2025 6:41	46
U005	S0097	3/27/2025 9:39	196
U040	S0063	3/22/2025 14:29	264
U021	S0024	3/29/2025 1:54	130
U023	S0026	3/20/2025 22:06	130
U030	S0020	3/22/2025 13:51	299
U019	S0099	3/17/2025 9:42	294
U039	S0017	3/26/2025 16:43	52
U041	S0018	3/27/2025 5:00	197
U003	S0097	3/27/2025 12:09	230
U012	S0068	3/19/2025 8:52	240
U022	S0041	3/21/2025 15:34	232
U044	S0081	3/18/2025 12:44	66
U010	S0093	3/26/2025 19:33	280
U013	S0051	3/18/2025 3:56	246
U020	S0037	3/17/2025 19:09	268
U001	S0040	3/25/2025 15:26	110
U045	S0099	3/22/2025 19:39	96
U050	S0053	3/29/2025 8:42	187
U032	S0007	3/26/2025 6:03	53
U023	S0056	3/24/2025 13:26	84
U008	S0028	3/25/2025 8:53	43
U038	S0060	3/28/2025 13:03	256
U008	S0091	3/18/2025 17:21	292
U037	S0003	3/25/2025 8:05	203
U046	S0067	3/18/2025 14:36	45
U025	S0026	3/20/2025 18:49	48
U003	S0090	3/25/2025 16:16	261
U033	S0071	3/29/2025 1:12	49
U037	S0098	3/19/2025 11:05	296
U023	S0055	3/27/2025 15:39	296
U010	S0097	3/27/2025 10:10	230
U008	S0028	3/21/2025 11:48	269
U008	S0046	3/28/2025 21:06	189
U047	S0047	3/27/2025 20:25	258
U027	S0034	3/24/2025 18:10	80
U022	S0031	3/17/2025 17:30	126
U025	S0063	3/27/2025 14:52	190
U027	S0073	3/23/2025 12:33	130
U045	S0013	3/22/2025 17:00	207
U037	S0077	3/24/2025 0:53	138
U042	S0041	3/28/2025 12:08	206
U034	S0050	3/29/2025 2:46	284
U004	S0077	3/24/2025 0:04	219
U022	S0098	3/29/2025 19:38	217
U022	S0092	3/24/2025 4:36	191
U006	S0092	3/28/2025 4:48	263
U019	S0053	3/20/2025 18:36	165
U009	S0058	3/19/2025 20:56	51
U024	S0022	3/22/2025 20:27	129
U006	S0043	3/19/2025 21:48	295
U025	S0088	3/27/2025 22:52	239
U021	S0001	3/17/2025 18:08	217
U044	S0085	3/23/2025 3:15	198
U048	S0014	3/24/2025 14:22	129
U031	S0094	3/28/2025 23:12	135
U025	S0047	3/21/2025 11:57	40
U024	S0022	3/22/2025 14:39	95
U038	S0051	3/22/2025 5:15	132
U036	S0026	3/21/2025 14:30	79
U044	S0016	3/24/2025 19:48	108
U044	S0043	3/22/2025 1:18	249
U023	S0057	3/29/2025 1:44	97
U029	S0029	3/29/2025 14:29	120
U043	S0001	3/29/2025 5:27	32
U015	S0099	3/18/2025 0:12	267
U014	S0068	3/27/2025 20:19	83
U031	S0059	3/26/2025 1:07	84
U022	S0069	3/17/2025 5:41	258
U025	S0034	3/17/2025 6:43	42
U018	S0035	3/23/2025 3:43	102
U015	S0014	3/22/2025 14:26	87
U016	S0069	3/27/2025 14:16	43
U030	S0068	3/17/2025 15:24	276
U025	S0056	3/21/2025 10:17	209
U004	S0066	3/25/2025 0:42	262
U044	S0031	3/20/2025 21:00	277
U003	S0005	3/17/2025 23:20	87
U019	S0073	3/17/2025 5:39	59
U016	S0029	3/24/2025 8:33	269
U013	S0054	3/24/2025 11:11	266
U015	S0063	3/24/2025 8:51	73
U017	S0084	3/18/2025 7:38	130
U032	S0093	3/26/2025 9:19	204
U018	S0097	3/28/2025 23:27	271
U024	S0096	3/18/2025 12:02	143
U039	S0075	3/28/2025 1:35	86
U039	S0055	3/23/2025 18:36	81
U012	S0078	3/27/2025 18:06	174
U017	S0056	3/28/2025 18:11	264
U034	S0026	3/28/2025 22:31	106
U026	S0085	3/23/2025 18:39	240
U007	S0028	3/18/2025 4:00	190
U050	S0063	3/19/2025 1:06	127
U024	S0086	3/27/2025 23:27	74
U050	S0068	3/19/2025 8:37	177
U009	S0091	3/17/2025 4:47	118
U015	S0100	3/27/2025 0:42	234
U001	S0005	3/29/2025 9:38	103
U020	S0012	3/21/2025 8:46	206
U018	S0080	3/23/2025 18:31	63
U030	S0011	3/22/2025 11:08	268
U039	S0051	3/17/2025 6:46	78
U029	S0039	3/22/2025 20:53	227
U017	S0008	3/26/2025 4:44	157
U023	S0082	3/19/2025 3:14	222
U013	S0068	3/25/2025 14:33	159
U043	S0018	3/23/2025 14:27	169
U035	S0095	3/29/2025 10:04	41
U003	S0066	3/25/2025 6:58	103
U025	S0021	3/24/2025 7:16	119
U012	S0079	3/17/2025 16:54	94
U032	S0087	3/26/2025 12:19	222
U002	S0036	3/26/2025 13:08	162
U047	S0070	3/20/2025 8:48	248
U046	S0032	3/25/2025 11:50	30
U008	S0028	3/20/2025 6:19	165
U038	S0088	3/22/2025 5:15	74
U013	S0065	3/18/2025 20:23	63
U009	S0097	3/20/2025 9:21	221
U046	S0055	3/29/2025 18:57	239
U050	S0031	3/24/2025 18:08	166
U041	S0015	3/23/2025 10:18	73
U031	S0006	3/23/2025 7:37	213
U015	S0050	3/17/2025 7:07	44
U025	S0018	3/21/2025 1:27	230
U023	S0038	3/18/2025 12:07	61
U021	S0086	3/23/2025 19:42	293
U017	S0009	3/22/2025 10:39	46
U029	S0055	3/27/2025 11:50	267
U003	S0046	3/21/2025 18:55	125
U048	S0043	3/20/2025 0:25	200
U034	S0078	3/17/2025 19:54	69
U013	S0065	3/28/2025 3:19	49
U014	S0095	3/29/2025 22:54	110
U031	S0053	3/17/2025 5:31	212
U027	S0048	3/27/2025 0:45	152
U012	S0009	3/29/2025 13:08	74
U022	S0088	3/25/2025 8:50	83
U011	S0030	3/27/2025 16:58	235
U042	S0048	3/19/2025 9:45	228
U010	S0075	3/25/2025 18:59	282
U003	S0092	3/27/2025 11:15	56
U044	S0033	3/23/2025 3:25	177
U046	S0044	3/20/2025 0:26	122
U043	S0012	3/21/2025 7:57	64
U002	S0092	3/25/2025 0:18	215
U049	S0050	3/26/2025 14:52	208
U031	S0046	3/18/2025 1:53	214
U050	S0048	3/25/2025 22:29	142
U022	S0030	3/28/2025 0:03	185
U047	S0025	3/23/2025 4:17	140
U043	S0077	3/24/2025 12:59	84
U003	S0077	3/25/2025 2:30	266
U025	S0021	3/27/2025 21:44	131
U013	S0009	3/20/2025 10:27	294
U012	S0051	3/18/2025 19:11	180
U015	S0045	3/23/2025 21:46	89
U030	S0099	3/23/2025 13:37	219
U050	S0094	3/17/2025 18:15	174
U009	S0093	3/23/2025 18:09	270
U015	S0088	3/19/2025 6:39	151
U016	S0092	3/19/2025 11:03	188
U001	S0066	3/23/2025 18:01	167
U011	S0013	3/27/2025 13:56	38
U047	S0076	3/28/2025 19:48	278
U025	S0068	3/18/2025 11:14	152
U029	S0058	3/22/2025 5:46	84
U020	S0020	3/23/2025 16:15	243
U027	S0078	3/17/2025 1:07	69
U049	S0065	3/17/2025 0:47	231
U027	S0034	3/29/2025 11:30	264
U042	S0016	3/26/2025 8:49	53
U026	S0002	3/23/2025 18:43	298
U021	S0071	3/19/2025 20:39	75
U022	S0040	3/27/2025 14:59	224
U019	S0060	3/27/2025 6:01	84
U029	S0069	3/22/2025 2:04	117
U018	S0021	3/23/2025 10:41	94
U048	S0077	3/23/2025 1:09	231
U001	S0091	3/23/2025 16:00	60
U030	S0085	3/20/2025 6:25	146
U001	S0036	3/19/2025 18:35	168
U026	S0009	3/21/2025 12:39	239
U018	S0098	3/27/2025 17:06	87
U008	S0005	3/20/2025 0:16	151
U008	S0005	3/20/2025 3:38	49
U027	S0052	3/18/2025 21:03	113
U046	S0097	3/25/2025 12:53	201
U022	S0015	3/24/2025 6:52	296
U027	S0032	3/17/2025 14:22	192
U029	S0024	3/28/2025 15:55	233
U030	S0063	3/29/2025 13:32	245
U032	S0043	3/21/2025 19:50	55
U026	S0088	3/28/2025 9:18	270
U008	S0092	3/22/2025 1:30	34
U043	S0038	3/22/2025 5:23	133
U028	S0035	3/20/2025 15:24	174
U036	S0025	3/29/2025 6:33	95
U032	S0022	3/21/2025 18:16	132
U012	S0056	3/20/2025 3:47	263
U017	S0004	3/24/2025 16:13	66
U027	S0076	3/19/2025 6:32	190
U029	S0060	3/17/2025 15:25	47
U020	S0051	3/17/2025 10:43	258
U028	S0024	3/21/2025 7:20	125
U011	S0050	3/22/2025 13:18	267
U012	S0095	3/25/2025 15:01	32
U041	S0059	3/19/2025 5:53	115
U009	S0066	3/20/2025 21:35	108
U023	S0058	3/23/2025 17:28	55
U012	S0080	3/26/2025 0:34	204
U037	S0060	3/18/2025 18:14	299
U012	S0091	3/24/2025 8:09	33
U018	S0041	3/28/2025 9:33	239
U020	S0045	3/21/2025 7:03	148
U043	S0070	3/22/2025 19:23	119
U032	S0083	3/22/2025 0:58	285
U045	S0004	3/23/2025 7:27	118
U008	S0066	3/26/2025 13:25	114
U039	S0099	3/17/2025 21:28	297
U043	S0029	3/24/2025 16:19	193
U025	S0007	3/22/2025 21:05	244
U045	S0043	3/24/2025 0:23	299
U026	S0052	3/17/2025 6:25	126
U044	S0030	3/23/2025 17:04	100
U019	S0049	3/20/2025 15:30	137
U016	S0065	3/23/2025 9:53	164
U032	S0093	3/21/2025 11:22	251
U043	S0014	3/19/2025 9:04	59
U022	S0041	3/28/2025 15:23	199
U013	S0007	3/17/2025 2:37	190
U016	S0061	3/29/2025 4:27	169
U027	S0045	3/25/2025 20:23	47
U050	S0054	3/29/2025 12:21	122
U030	S0033	3/21/2025 14:40	155
U021	S0014	3/26/2025 4:21	35
U036	S0031	3/27/2025 19:51	141
U009	S0008	3/24/2025 10:44	281
U026	S0018	3/20/2025 22:33	92
U031	S0087	3/26/2025 19:28	279
U007	S0075	3/22/2025 2:42	92
U043	S0059	3/19/2025 12:15	123
U009	S0075	3/17/2025 0:31	98
U031	S0073	3/19/2025 15:42	94
U008	S0036	3/23/2025 7:59	118
U008	S0066	3/27/2025 22:01	182
U005	S0097	3/19/2025 23:37	291
U031	S0010	3/20/2025 11:22	171
U003	S0005	3/22/2025 11:39	178
U013	S0012	3/26/2025 23:44	157
U019	S0036	3/17/2025 18:06	256
U006	S0066	3/17/2025 13:40	106
U019	S0038	3/23/2025 2:48	179
U008	S0036	3/17/2025 0:29	113
U038	S0095	3/28/2025 0:19	138
U001	S0002	3/19/2025 16:37	103
U014	S0067	3/20/2025 3:35	55
U045	S0001	3/23/2025 5:01	154
U027	S0018	3/18/2025 13:30	162
U003	S0046	3/27/2025 0:59	80
U022	S0060	3/28/2025 19:23	143
U044	S0085	3/22/2025 1:13	83
U011	S0065	3/19/2025 15:00	149
U003	S0093	3/24/2025 19:01	119
U042	S0040	3/24/2025 6:38	177
U001	S0046	3/19/2025 1:23	112
U016	S0036	3/17/2025 17:14	261
U003	S0044	3/24/2025 16:18	273
U031	S0081	3/23/2025 21:24	212
U026	S0076	3/19/2025 11:36	106
U036	S0015	3/24/2025 10:25	263
U001	S0075	3/28/2025 18:04	51
U014	S0098	3/27/2025 21:36	40
U008	S0093	3/18/2025 6:14	118
U039	S0014	3/21/2025 17:30	118
U001	S0095	3/18/2025 1:23	297
U049	S0052	3/21/2025 8:59	151
U001	S0046	3/26/2025 13:03	237
U043	S0049	3/20/2025 13:11	128
U019	S0016	3/26/2025 4:30	55
U027	S0016	3/17/2025 19:55	159
U023	S0003	3/29/2025 11:15	289
U009	S0036	3/29/2025 20:51	107
U036	S0067	3/22/2025 3:14	291
U012	S0055	3/20/2025 10:21	276
U023	S0061	3/28/2025 22:12	122
U032	S0068	3/20/2025 21:37	174
U027	S0052	3/17/2025 23:42	299
U020	S0022	3/29/2025 13:52	85
U008	S0093	3/25/2025 3:45	109
U007	S0003	3/27/2025 3:42	285
U033	S0037	3/27/2025 1:13	239
U009	S0075	3/17/2025 16:47	245
U015	S0042	3/29/2025 16:33	99
U025	S0030	3/29/2025 21:39	246
U016	S0043	3/23/2025 0:06	96
U002	S0036	3/19/2025 22:25	109
U028	S0042	3/25/2025 17:24	289
U010	S0005	3/21/2025 5:18	140
U021	S0066	3/25/2025 15:49	126
U046	S0085	3/23/2025 2:58	198
U009	S0005	3/20/2025 14:53	104
U036	S0007	3/17/2025 11:07	293
U040	S0080	3/22/2025 10:42	241
U018	S0091	3/29/2025 22:49	70
U044	S0035	3/19/2025 18:37	123
U001	S0008	3/26/2025 3:53	56
U041	S0053	3/18/2025 4:35	67
U027	S0007	3/29/2025 18:10	170
U012	S0087	3/25/2025 19:02	108
U039	S0050	3/21/2025 19:41	80
U003	S0066	3/27/2025 5:47	236
U017	S0098	3/19/2025 1:55	145
U042	S0032	3/27/2025 3:22	207
U035	S0080	3/19/2025 17:51	288
U044	S0067	3/25/2025 19:29	175
U041	S0095	3/17/2025 15:18	204
U007	S0036	3/25/2025 13:18	84
U045	S0064	3/20/2025 7:14	290
U018	S0040	3/27/2025 7:07	125
U030	S0008	3/18/2025 10:28	171
U003	S0091	3/29/2025 12:10	115
U032	S0001	3/24/2025 13:58	230
U035	S0004	3/26/2025 17:13	52
U019	S0049	3/20/2025 0:25	166
U003	S0043	3/28/2025 13:59	74
U024	S0005	3/21/2025 10:37	267
U032	S0021	3/22/2025 0:55	208
U006	S0036	3/18/2025 13:27	38
U015	S0097	3/22/2025 20:20	80
U044	S0056	3/18/2025 4:18	150
U049	S0095	3/28/2025 23:58	39
U013	S0052	3/24/2025 5:55	166
U010	S0075	3/20/2025 4:50	189
U023	S0085	3/29/2025 9:08	102
U031	S0060	3/22/2025 5:01	234
U029	S0041	3/25/2025 13:11	61
U012	S0015	3/22/2025 3:27	275
U003	S0075	3/26/2025 19:06	116
U033	S0058	3/19/2025 7:28	183
U023	S0009	3/24/2025 18:11	243
U049	S0082	3/21/2025 9:19	55
U013	S0095	3/19/2025 21:54	256
U018	S0038	3/28/2025 9:00	173
U048	S0053	3/27/2025 3:07	253
U046	S0015	3/20/2025 14:01	177
U021	S0013	3/24/2025 15:11	294
U002	S0046	3/26/2025 4:15	253
U040	S0037	3/29/2025 3:21	289
U020	S0014	3/27/2025 6:17	87
U016	S0024	3/19/2025 23:26	285
U011	S0029	3/20/2025 12:02	234
U009	S0091	3/26/2025 17:08	263
U012	S0038	3/29/2025 14:27	44
U034	S0094	3/20/2025 9:03	79
U023	S0096	3/23/2025 8:59	190
U040	S0068	3/23/2025 19:25	54
U012	S0077	3/28/2025 15:57	266
U028	S0088	3/22/2025 20:47	215
U003	S0090	3/17/2025 20:37	278
U023	S0084	3/21/2025 0:26	166
U025	S0028	3/27/2025 0:42	156
U018	S0077	3/24/2025 14:33	46
U019	S0080	3/23/2025 8:50	122
U034	S0056	3/27/2025 8:24	149
U024	S0009	3/19/2025 11:51	195
U022	S0044	3/23/2025 3:10	87
U001	S0028	3/29/2025 21:05	82
U045	S0097	3/27/2025 10:55	124
U035	S0044	3/28/2025 4:58	253
U021	S0046	3/19/2025 20:11	292
U002	S0092	3/23/2025 11:05	115
U002	S0096	3/27/2025 13:50	229
U032	S0018	3/25/2025 18:08	266
U030	S0065	3/17/2025 17:23	80
U026	S0020	3/20/2025 17:58	128
U017	S0034	3/22/2025 1:42	82
U012	S0012	3/20/2025 8:49	202
U030	S0066	3/19/2025 23:04	144
U047	S0011	3/22/2025 18:03	190
U044	S0051	3/17/2025 16:41	210
U011	S0069	3/17/2025 12:21	72
U022	S0053	3/26/2025 3:30	230
U043	S0034	3/27/2025 12:53	147
U048	S0014	3/26/2025 7:36	117
U021	S0048	3/17/2025 3:56	36
U031	S0024	3/20/2025 3:12	94
U032	S0087	3/20/2025 1:14	153
U010	S0089	3/21/2025 23:23	142
U038	S0033	3/24/2025 22:39	115
U002	S0075	3/29/2025 2:31	50
U024	S0059	3/24/2025 16:42	283
U037	S0042	3/28/2025 13:23	68
U047	S0068	3/20/2025 10:48	300
U034	S0004	3/23/2025 0:28	215
U030	S0027	3/23/2025 23:21	48
U031	S0016	3/19/2025 8:35	84
U046	S0035	3/21/2025 21:08	155
U044	S0026	3/22/2025 12:08	141
U040	S0048	3/17/2025 10:41	263
U028	S0075	3/24/2025 21:22	261
U024	S0078	3/26/2025 15:04	190
U049	S0088	3/18/2025 4:42	79
U002	S0075	3/23/2025 9:08	207
U011	S0033	3/29/2025 10:49	54
U009	S0028	3/20/2025 22:42	288
U044	S0065	3/19/2025 10:16	239
U029	S0079	3/23/2025 16:49	235
U048	S0021	3/23/2025 0:42	60
U024	S0019	3/18/2025 14:22	81
U008	S0092	3/17/2025 22:31	80
U039	S0089	3/27/2025 3:32	271
U038	S0021	3/28/2025 23:29	180
U006	S0035	3/24/2025 23:36	85
U036	S0007	3/23/2025 5:00	211
U001	S0091	3/24/2025 8:18	69
U035	S0065	3/29/2025 16:43	236
U025	S0056	3/24/2025 11:27	251
U043	S0066	3/19/2025 5:02	266
U033	S0047	3/28/2025 3:44	80
U024	S0080	3/21/2025 21:49	243
U030	S0063	3/22/2025 15:47	104
U038	S0012	3/23/2025 16:07	55
U040	S0005	3/21/2025 5:35	205
U012	S0061	3/29/2025 9:51	251
U001	S0075	3/27/2025 21:32	169
U040	S0001	3/18/2025 13:04	248
U029	S0031	3/22/2025 21:10	237
U029	S0041	3/21/2025 0:56	99
U011	S0068	3/18/2025 8:59	269
U043	S0099	3/19/2025 22:50	273
U045	S0078	3/20/2025 22:54	288
U019	S0089	3/25/2025 17:30	208
U039	S0086	3/26/2025 6:15	56
U020	S0096	3/28/2025 19:38	66
U008	S0028	3/19/2025 11:23	226
U029	S0099	3/23/2025 23:11	54
U044	S0019	3/21/2025 2:10	270
U026	S0045	3/19/2025 15:00	124
U001	S0091	3/28/2025 15:43	117
U024	S0049	3/17/2025 15:42	167
U013	S0049	3/23/2025 10:06	201
U048	S0090	3/21/2025 17:48	113
U027	S0014	3/20/2025 6:46	116
U020	S0005	3/27/2025 0:49	49
U002	S0091	3/28/2025 20:22	113
U021	S0020	3/26/2025 12:12	255
U048	S0076	3/17/2025 22:00	196
U047	S0088	3/29/2025 2:28	248
U009	S0037	3/29/2025 4:00	93
U019	S0012	3/21/2025 7:37	89
U006	S0036	3/29/2025 18:41	296
U024	S0039	3/28/2025 18:28	173
U018	S0048	3/27/2025 4:49	247
U031	S0099	3/20/2025 3:46	91
U001	S0095	3/17/2025 16:35	229
U038	S0004	3/26/2025 3:06	56
U039	S0025	3/22/2025 7:56	164
U032	S0036	3/22/2025 9:57	244
U029	S0075	3/28/2025 7:29	231
U045	S0024	3/29/2025 11:11	219
U039	S0078	3/20/2025 0:46	99
U047	S0001	3/22/2025 12:38	140
U015	S0075	3/28/2025 19:31	74
U046	S0100	3/20/2025 23:57	82
U004	S0091	3/21/2025 12:07	124
U014	S0012	3/20/2025 16:40	203
U009	S0066	3/22/2025 5:44	48
U021	S0049	3/19/2025 3:26	199
U037	S0021	3/19/2025 14:10	65
U002	S0036	3/22/2025 18:47	206
U036	S0027	3/29/2025 7:44	120
U013	S0100	3/18/2025 22:05	96
U027	S0056	3/19/2025 23:43	139
U043	S0013	3/22/2025 22:09	102
U010	S0028	3/28/2025 7:24	145
U008	S0005	3/20/2025 17:01	126
U007	S0092	3/29/2025 11:05	283
U004	S0058	3/29/2025 21:07	184
U011	S0024	3/29/2025 16:37	192
U013	S0006	3/24/2025 5:01	277
U022	S0004	3/19/2025 9:33	79
U044	S0048	3/24/2025 5:11	129
U007	S0066	3/22/2025 18:23	268
U044	S0090	3/29/2025 2:37	90
U048	S0021	3/20/2025 13:44	42
U042	S0041	3/28/2025 11:48	49
U019	S0042	3/28/2025 7:21	298
U045	S0093	3/27/2025 21:05	263
U007	S0058	3/23/2025 10:04	274
U050	S0065	3/22/2025 21:25	217
U014	S0057	3/18/2025 16:42	124
U020	S0062	3/20/2025 16:15	132
U005	S0028	3/24/2025 3:12	265
U046	S0043	3/23/2025 15:02	290
U041	S0032	3/18/2025 13:10	70
U043	S0067	3/20/2025 16:02	80
U044	S0050	3/18/2025 8:11	179
U032	S0089	3/21/2025 21:06	80
U010	S0028	3/18/2025 22:20	77
U029	S0075	3/19/2025 10:45	42
U022	S0007	3/21/2025 8:56	163
U019	S0045	3/27/2025 11:48	180
U027	S0013	3/26/2025 17:18	217
U031	S0070	3/27/2025 5:26	107
U029	S0069	3/17/2025 8:48	103
U047	S0086	3/19/2025 20:30	240
U040	S0035	3/21/2025 14:49	237
U017	S0095	3/25/2025 7:01	151
U046	S0044	3/19/2025 7:53	293
U022	S0093	3/18/2025 11:39	295
U026	S0002	3/18/2025 2:45	54
U015	S0019	3/26/2025 17:29	126
U021	S0068	3/24/2025 1:09	105
U040	S0038	3/18/2025 15:13	270
U035	S0089	3/22/2025 23:37	281
U045	S0031	3/24/2025 18:51	119
U012	S0063	3/18/2025 3:19	151
U042	S0031	3/24/2025 1:06	203
U015	S0015	3/24/2025 10:59	116
U004	S0075	3/26/2025 19:19	116
U003	S0093	3/22/2025 16:08	255
U043	S0041	3/28/2025 7:10	177
U017	S0057	3/23/2025 15:53	285
U019	S0008	3/29/2025 7:03	300
U012	S0099	3/28/2025 11:18	221
U049	S0024	3/23/2025 16:16	282
U032	S0031	3/24/2025 2:05	94
U015	S0075	3/20/2025 9:08	287
U008	S0091	3/23/2025 2:44	53
U038	S0062	3/20/2025 8:04	214
U033	S0020	3/17/2025 13:38	223
U019	S0003	3/25/2025 12:18	235
U005	S0095	3/24/2025 1:58	268
U029	S0081	3/18/2025 6:17	217
U048	S0025	3/22/2025 15:06	43
U015	S0020	3/25/2025 6:54	195
U037	S0089	3/20/2025 4:54	194
U030	S0056	3/28/2025 16:59	50
U042	S0055	3/22/2025 15:57	44
U039	S0075	3/20/2025 22:44	118
U001	S0095	3/27/2025 17:22	248
U002	S0091	3/21/2025 13:06	85
U007	S0091	3/22/2025 5:12	43
U041	S0046	3/27/2025 6:22	52
U008	S0093	3/25/2025 15:20	135
U048	S0018	3/17/2025 8:48	147
U029	S0009	3/27/2025 16:12	105
U050	S0021	3/22/2025 2:36	97
U017	S0097	3/25/2025 18:58	152
U044	S0074	3/28/2025 0:31	248
U041	S0085	3/23/2025 15:53	203
U005	S0075	3/20/2025 21:58	243
U004	S0075	3/29/2025 16:07	239
U044	S0010	3/17/2025 6:24	142
U002	S0066	3/18/2025 12:16	201
U046	S0098	3/21/2025 7:45	57
U047	S0031	3/27/2025 0:53	261
U037	S0084	3/20/2025 17:08	225
U039	S0045	3/20/2025 4:24	251
U023	S0080	3/18/2025 22:30	130
U045	S0096	3/29/2025 0:36	122
U009	S0095	3/27/2025 0:14	182
U036	S0012	3/26/2025 6:59	208
U020	S0097	3/18/2025 13:36	215
U035	S0039	3/25/2025 21:13	99
U009	S0092	3/20/2025 17:41	134
U022	S0010	3/29/2025 10:30	285
U029	S0028	3/28/2025 6:44	186
U045	S0071	3/17/2025 23:41	189
U045	S0010	3/26/2025 0:03	293
U004	S0092	3/20/2025 9:06	48
U012	S0031	3/23/2025 14:34	112
U042	S0005	3/21/2025 1:48	104
U037	S0077	3/17/2025 6:46	256
U050	S0098	3/26/2025 3:52	120
U018	S0037	3/18/2025 7:30	88
U020	S0012	3/29/2025 3:51	61
U027	S0024	3/22/2025 21:54	226
U032	S0088	3/25/2025 5:45	254
U019	S0008	3/26/2025 14:43	155
U025	S0063	3/24/2025 7:56	165
U035	S0034	3/26/2025 13:43	110
U044	S0080	3/19/2025 2:08	217
U048	S0048	3/22/2025 15:58	297
U050	S0060	3/22/2025 4:04	109
U047	S0011	3/25/2025 17:52	181
U033	S0028	3/29/2025 7:50	212
U050	S0054	3/27/2025 19:09	47
U029	S0003	3/29/2025 7:05	177
U014	S0036	3/21/2025 10:16	101
U039	S0072	3/24/2025 1:31	163
U011	S0082	3/23/2025 9:05	99
U046	S0029	3/28/2025 18:04	263
U038	S0021	3/17/2025 10:59	233
U003	S0092	3/25/2025 12:39	188
U009	S0066	3/20/2025 9:37	279
U047	S0027	3/27/2025 22:51	171
U013	S0002	3/21/2025 20:49	292
U039	S0013	3/21/2025 18:38	56
U039	S0047	3/17/2025 4:24	163
U046	S0097	3/22/2025 9:50	280
U030	S0080	3/26/2025 1:25	168
U038	S0026	3/21/2025 7:36	274
U029	S0010	3/26/2025 12:19	138
U043	S0014	3/25/2025 14:40	186
U049	S0097	3/26/2025 10:25	81
U043	S0059	3/19/2025 18:27	107
U019	S0020	3/20/2025 22:59	66
U002	S0036	3/21/2025 15:41	136
U018	S0040	3/24/2025 4:37	120
U016	S0092	3/28/2025 23:35	186
U002	S0036	3/27/2025 3:40	294
U008	S0005	3/26/2025 21:52	239
U024	S0099	3/17/2025 20:51	185
U021	S0094	3/20/2025 18:08	212
U023	S0048	3/28/2025 3:19	161
U023	S0021	3/25/2025 17:54	32
U027	S0050	3/24/2025 23:10	222
U015	S0029	3/24/2025 17:21	256
U015	S0069	3/20/2025 18:49	185
U014	S0071	3/24/2025 0:27	259
U047	S0018	3/20/2025 15:50	63
U033	S0010	3/20/2025 3:29	55
U030	S0039	3/26/2025 4:46	91
U019	S0079	3/21/2025 18:10	219
U039	S0067	3/23/2025 10:57	154
U036	S0003	3/29/2025 17:24	210
U012	S0062	3/26/2025 8:38	74
U001	S0091	3/27/2025 12:21	264
U019	S0054	3/17/2025 17:34	45
U028	S0054	3/25/2025 17:20	155
U008	S0093	3/25/2025 11:49	186
U025	S0043	3/22/2025 1:54	90
U044	S0075	3/25/2025 23:29	166
U006	S0093	3/19/2025 19:10	290
U021	S0014	3/19/2025 1:15	107
U019	S0075	3/19/2025 0:04	223
U006	S0036	3/18/2025 16:47	200
U013	S0082	3/21/2025 7:36	199
U025	S0025	3/25/2025 14:01	82
U007	S0091	3/25/2025 12:00	238
U036	S0006	3/27/2025 11:17	163
U030	S0068	3/26/2025 15:36	223
U047	S0078	3/22/2025 15:21	138
U017	S0036	3/19/2025 20:48	101
U019	S0037	3/19/2025 3:38	54
U050	S0086	3/19/2025 2:55	44
U049	S0067	3/26/2025 7:46	211
U038	S0095	3/19/2025 21:20	242
U013	S0060	3/20/2025 17:16	133
U047	S0089	3/25/2025 9:47	154
U004	S0092	3/25/2025 16:29	115
U014	S0059	3/27/2025 13:45	292
U014	S0014	3/24/2025 8:46	177
U002	S0036	3/19/2025 6:57	229
U048	S0059	3/17/2025 15:51	83
U039	S0005	3/20/2025 20:39	139
U009	S0066	3/29/2025 13:55	88
U008	S0058	3/27/2025 13:19	108
U013	S0065	3/27/2025 10:59	236
U050	S0084	3/28/2025 23:59	135
U035	S0060	3/20/2025 17:17	293
U036	S0076	3/26/2025 5:24	158
U021	S0026	3/20/2025 2:38	228
U034	S0019	3/28/2025 23:39	233
U004	S0066	3/22/2025 16:13	53
U044	S0038	3/17/2025 11:14	72
U040	S0097	3/21/2025 4:52	52
U031	S0094	3/24/2025 23:49	106
U021	S0032	3/20/2025 19:16	162
U022	S0093	3/23/2025 18:02	174
U049	S0003	3/17/2025 6:32	192
U030	S0025	3/22/2025 22:44	275
U015	S0070	3/18/2025 15:23	73
U011	S0095	3/28/2025 17:01	116
U007	S0005	3/24/2025 1:54	292
U010	S0005	3/19/2025 10:50	99
U033	S0009	3/21/2025 12:02	107
U040	S0002	3/20/2025 17:48	123
U011	S0085	3/24/2025 21:44	202
U017	S0040	3/17/2025 12:27	262
U049	S0066	3/22/2025 18:39	87
U027	S0014	3/21/2025 23:26	59
U034	S0029	3/17/2025 22:41	289
U046	S0012	3/25/2025 22:44	65
U036	S0009	3/24/2025 15:45	68
U001	S0036	3/17/2025 1:14	227
U008	S0036	3/20/2025 5:22	31
U036	S0030	3/19/2025 0:11	209
U047	S0018	3/19/2025 6:08	162
U027	S0026	3/23/2025 2:00	179
U016	S0049	3/24/2025 4:47	188
U012	S0056	3/29/2025 21:10	123
U030	S0028	3/21/2025 9:20	160
U019	S0002	3/29/2025 1:24	240
U042	S0001	3/21/2025 21:57	172
U042	S0055	3/24/2025 7:36	259
U027	S0087	3/17/2025 9:28	133
U043	S0028	3/19/2025 2:53	141
U005	S0036	3/29/2025 17:15	156
U004	S0091	3/22/2025 17:56	204
U026	S0033	3/20/2025 3:47	161
U050	S0096	3/29/2025 19:59	105
U023	S0091	3/21/2025 21:22	276
U003	S0058	3/29/2025 23:35	37
U041	S0027	3/24/2025 23:59	77
U035	S0039	3/27/2025 23:46	148
U020	S0045	3/18/2025 16:41	294
U037	S0046	3/17/2025 15:17	219
U040	S0088	3/24/2025 12:43	122
U027	S0075	3/25/2025 4:27	198
U041	S0092	3/17/2025 22:20	138
U042	S0058	3/19/2025 8:53	257
U050	S0049	3/19/2025 11:52	105
U010	S0066	3/22/2025 23:23	225
U010	S0030	3/28/2025 5:14	214
U025	S0100	3/29/2025 7:00	253
U038	S0045	3/18/2025 9:17	89
U020	S0039	3/29/2025 23:31	226
U050	S0100	3/20/2025 15:06	67
U010	S0046	3/18/2025 20:01	276
U038	S0048	3/27/2025 3:12	203
U012	S0054	3/26/2025 15:44	31
U029	S0060	3/26/2025 20:32	262
U024	S0079	3/20/2025 12:18	293
U032	S0058	3/24/2025 13:53	157
U035	S0012	3/22/2025 11:07	224
U012	S0050	3/27/2025 6:05	260
U038	S0060	3/24/2025 21:47	227
U042	S0089	3/25/2025 3:06	109
U046	S0076	3/26/2025 10:16	263
U038	S0081	3/19/2025 18:39	260
U005	S0093	3/28/2025 16:20	173
U002	S0036	3/17/2025 16:57	128
U005	S0097	3/20/2025 15:05	206
U044	S0048	3/17/2025 23:30	171
U026	S0034	3/29/2025 5:00	175
U027	S0051	3/20/2025 19:08	142
U018	S0077	3/22/2025 1:22	221
U041	S0031	3/29/2025 2:37	182
U041	S0095	3/17/2025 1:39	248
U024	S0074	3/18/2025 23:48	277
U011	S0067	3/27/2025 12:24	212
U041	S0097	3/28/2025 10:31	268
U021	S0087	3/23/2025 22:42	236
U048	S0057	3/22/2025 10:49	136
U050	S0076	3/23/2025 8:18	99
U043	S0014	3/19/2025 10:36	275
U045	S0067	3/27/2025 3:16	174
U041	S0008	3/27/2025 23:35	298
U018	S0043	3/29/2025 7:57	284
U043	S0014	3/26/2025 0:42	221
U006	S0058	3/18/2025 21:56	61
U015	S0028	3/28/2025 20:11	30
U034	S0027	3/26/2025 21:27	142
U050	S0033	3/20/2025 0:53	233
U030	S0051	3/28/2025 9:14	123
U017	S0061	3/28/2025 17:02	204
U049	S0032	3/27/2025 17:45	210
U016	S0084	3/20/2025 15:25	81
U015	S0019	3/25/2025 19:57	111
U022	S0082	3/18/2025 9:53	147
U004	S0046	3/18/2025 12:18	203
U050	S0012	3/19/2025 3:13	208
U034	S0027	3/24/2025 1:47	232
U045	S0092	3/19/2025 10:17	191
U013	S0095	3/18/2025 23:39	208
U003	S0066	3/17/2025 21:25	200
U004	S0032	3/27/2025 20:59	189
U012	S0022	3/25/2025 21:16	233
U006	S0058	3/23/2025 0:29	278
U045	S0040	3/28/2025 12:08	219
U048	S0086	3/28/2025 13:53	189
U015	S0061	3/20/2025 9:57	134
U012	S0079	3/19/2025 19:22	202
U050	S0080	3/20/2025 18:11	263
U022	S0084	3/24/2025 5:09	123
U012	S0089	3/26/2025 15:46	180
U037	S0093	3/19/2025 3:57	242
U012	S0074	3/21/2025 11:40	59
U036	S0076	3/23/2025 5:13	176
U041	S0037	3/23/2025 0:01	192
U036	S0007	3/18/2025 9:02	42
U043	S0097	3/28/2025 17:20	183
U044	S0043	3/19/2025 18:36	253
U023	S0010	3/20/2025 16:00	38
U040	S0051	3/29/2025 0:31	226
U041	S0098	3/27/2025 1:33	115
U024	S0006	3/23/2025 8:54	192
U019	S0040	3/25/2025 3:19	214
U003	S0092	3/22/2025 7:08	196
U013	S0051	3/28/2025 14:54	153
U042	S0025	3/21/2025 0:53	265
U037	S0060	3/23/2025 4:14	297
U026	S0008	3/28/2025 7:42	141
U030	S0018	3/17/2025 3:08	261
U001	S0036	3/17/2025 3:53	127
U020	S0079	3/19/2025 18:53	148
U023	S0078	3/17/2025 13:50	75
U018	S0051	3/29/2025 18:15	283
U035	S0055	3/28/2025 19:39	33
U013	S0087	3/26/2025 10:13	232
U003	S0092	3/22/2025 20:45	198
U011	S0009	3/29/2025 16:54	60
U050	S0010	3/18/2025 7:43	218
U010	S0097	3/29/2025 15:27	212
U021	S0075	3/24/2025 19:13	182
U050	S0079	3/17/2025 23:33	163
U023	S0043	3/28/2025 8:03	59
U021	S0033	3/25/2025 16:24	233
U026	S0048	3/24/2025 3:03	88
U042	S0071	3/21/2025 6:16	271
U038	S0063	3/19/2025 6:40	233
U015	S0092	3/28/2025 9:06	149
U012	S0031	3/28/2025 21:34	181
U016	S0030	3/25/2025 11:53	217
U010	S0075	3/27/2025 8:56	58
U044	S0073	3/29/2025 17:32	77
U026	S0020	3/28/2025 0:03	137
U039	S0056	3/20/2025 9:36	230
U011	S0051	3/26/2025 13:45	102
U034	S0002	3/22/2025 10:14	152
U038	S0086	3/25/2025 23:00	83
U017	S0090	3/17/2025 23:57	216
U033	S0006	3/20/2025 16:13	32
U007	S0046	3/18/2025 6:18	276
U025	S0063	3/18/2025 1:55	233
U009	S0028	3/22/2025 14:14	129
U009	S0046	3/25/2025 20:01	292
U022	S0025	3/29/2025 13:38	57
U001	S0093	3/28/2025 15:16	204
U043	S0093	3/24/2025 13:25	226
U036	S0081	3/18/2025 7:32	49
U016	S0013	3/20/2025 14:18	49
U041	S0075	3/26/2025 3:45	176
U024	S0099	3/22/2025 0:19	196
U001	S0095	3/23/2025 4:56	179
U014	S0001	3/23/2025 4:22	157
U005	S0058	3/20/2025 17:28	253
U038	S0083	3/18/2025 7:00	290
U019	S0100	3/24/2025 13:51	214
U007	S0005	3/20/2025 12:59	241
U045	S0009	3/20/2025 5:35	35
U046	S0044	3/18/2025 13:49	183
U043	S0063	3/19/2025 16:07	274
U029	S0061	3/21/2025 20:16	238
U007	S0091	3/23/2025 15:48	51
U008	S0032	3/24/2025 7:09	86
U030	S0033	3/24/2025 1:04	65
U035	S0029	3/29/2025 7:09	257
U014	S0081	3/26/2025 21:50	108
U010	S0058	3/17/2025 3:52	207
U032	S0079	3/17/2025 8:08	277
U039	S0036	3/17/2025 9:42	176
U027	S0093	3/24/2025 1:36	120
U037	S0045	3/24/2025 18:48	213
U007	S0046	3/19/2025 13:12	221
U044	S0094	3/25/2025 6:11	47
U040	S0058	3/21/2025 8:38	264
U043	S0042	3/18/2025 17:03	48
U008	S0075	3/22/2025 2:03	62
U005	S0093	3/20/2025 5:30	226
U043	S0079	3/25/2025 1:37	116
U008	S0064	3/20/2025 4:17	76
U043	S0021	3/23/2025 12:33	33
U041	S0066	3/17/2025 22:36	228
U042	S0036	3/19/2025 7:55	52
U013	S0017	3/29/2025 17:21	293
U022	S0042	3/27/2025 8:30	138
U038	S0031	3/26/2025 5:51	213
U028	S0042	3/29/2025 23:47	251
U035	S0019	3/29/2025 5:19	276
U002	S0091	3/28/2025 5:56	290
U010	S0046	3/24/2025 14:35	208
U039	S0018	3/25/2025 13:44	35
U049	S0032	3/23/2025 22:43	121
U030	S0082	3/23/2025 23:48	124
U038	S0045	3/29/2025 21:36	30
U028	S0035	3/19/2025 7:01	156
U018	S0030	3/19/2025 10:16	53
U044	S0014	3/29/2025 18:11	42
U031	S0080	3/18/2025 23:01	178
U049	S0054	3/21/2025 13:04	77
U005	S0075	3/24/2025 9:45	188
U038	S0081	3/25/2025 8:38	198
U004	S0095	3/29/2025 9:03	121
U041	S0026	3/25/2025 2:38	109
U039	S0081	3/28/2025 17:07	275
U041	S0063	3/22/2025 14:18	245
U006	S0028	3/18/2025 5:30	257
U006	S0095	3/24/2025 1:39	35
U012	S0094	3/24/2025 23:49	227
U035	S0098	3/24/2025 18:49	122
U025	S0050	3/25/2025 22:44	60
U004	S0095	3/23/2025 19:59	168
U036	S0098	3/25/2025 5:00	245
U033	S0013	3/27/2025 12:29	128
U004	S0093	3/27/2025 9:24	186
U019	S0067	3/26/2025 5:26	44
U004	S0090	3/20/2025 23:05	185
U040	S0038	3/20/2025 13:55	152
U048	S0072	3/24/2025 11:40	261
U014	S0060	3/28/2025 22:51	177
U036	S0096	3/28/2025 5:37	49
U023	S0013	3/27/2025 11:14	262
U008	S0028	3/23/2025 22:03	174
U004	S0066	3/26/2025 16:11	126
U043	S0095	3/28/2025 21:56	97
U008	S0006	3/21/2025 10:48	112
U040	S0039	3/22/2025 18:15	180
U021	S0099	3/20/2025 15:55	84
U022	S0003	3/29/2025 3:27	147
U048	S0050	3/25/2025 9:47	62
U011	S0095	3/18/2025 2:55	81
U033	S0039	3/20/2025 11:34	215
U033	S0003	3/19/2025 4:23	127
U044	S0001	3/17/2025 6:31	39
U016	S0069	3/27/2025 5:02	89
U024	S0026	3/22/2025 3:28	255
U007	S0005	3/18/2025 23:19	95
U045	S0030	3/23/2025 16:29	153
U033	S0002	3/21/2025 19:12	50
U007	S0095	3/18/2025 9:03	208
U013	S0012	3/22/2025 1:01	133
U013	S0018	3/17/2025 3:40	121
U027	S0036	3/21/2025 8:11	90
U043	S0048	3/28/2025 21:30	61
U034	S0070	3/29/2025 9:09	285
U031	S0030	3/24/2025 8:10	38
U022	S0015	3/20/2025 21:40	165
U029	S0050	3/22/2025 19:02	132
U040	S0031	3/21/2025 2:05	158
U041	S0078	3/25/2025 11:29	205
U002	S0046	3/21/2025 12:37	154
U028	S0017	3/23/2025 12:19	183
U009	S0091	3/20/2025 1:51	271
U047	S0080	3/19/2025 19:47	78
U048	S0005	3/26/2025 19:56	286
U046	S0099	3/23/2025 1:01	245
U045	S0075	3/23/2025 17:03	72
U032	S0049	3/18/2025 11:09	173
U021	S0006	3/20/2025 9:44	118
U005	S0095	3/22/2025 9:05	257
U045	S0027	3/23/2025 16:50	47
U008	S0073	3/19/2025 20:33	102
U017	S0037	3/26/2025 5:29	290
U031	S0005	3/25/2025 0:34	269
U045	S0047	3/23/2025 10:58	231
U007	S0046	3/23/2025 22:12	294
U025	S0076	3/25/2025 11:54	80
U038	S0017	3/20/2025 7:40	94
U006	S0071	3/24/2025 22:54	219
U010	S0058	3/23/2025 2:34	36
U008	S0066	3/17/2025 20:46	238
U002	S0028	3/20/2025 0:09	67
U043	S0028	3/27/2025 20:38	178
U030	S0032	3/22/2025 16:06	184
U013	S0093	3/29/2025 13:33	51
U032	S0069	3/29/2025 0:18	77
U039	S0003	3/27/2025 9:07	114
U040	S0087	3/18/2025 5:10	103
U006	S0005	3/27/2025 10:25	212
U025	S0007	3/18/2025 8:21	200
U042	S0054	3/29/2025 12:59	83
U016	S0019	3/19/2025 13:25	40
U029	S0024	3/23/2025 4:14	168
U024	S0100	3/24/2025 10:53	85
U002	S0042	3/26/2025 21:05	49
U045	S0044	3/21/2025 13:58	259
U031	S0037	3/18/2025 11:02	269
U022	S0087	3/27/2025 10:29	223
U001	S0075	3/20/2025 10:38	232
U010	S0058	3/18/2025 15:26	107
U014	S0016	3/20/2025 13:16	151
U008	S0058	3/22/2025 1:24	244
U042	S0061	3/23/2025 14:23	129
U037	S0060	3/29/2025 19:06	113
U043	S0072	3/28/2025 12:31	209
U012	S0096	3/23/2025 9:35	212
U003	S0092	3/22/2025 0:51	239
U003	S0095	3/20/2025 8:56	167
U040	S0061	3/23/2025 13:47	84
U013	S0075	3/28/2025 3:36	281
U001	S0091	3/18/2025 2:34	116
U012	S0016	3/21/2025 7:53	56
U019	S0069	3/18/2025 16:22	145
U027	S0077	3/28/2025 13:58	267
U035	S0023	3/17/2025 20:09	116
U013	S0070	3/26/2025 13:58	122
U001	S0092	3/23/2025 10:28	228
U005	S0058	3/24/2025 14:17	231
U017	S0020	3/27/2025 10:49	189
U020	S0090	3/28/2025 8:03	120
U018	S0002	3/29/2025 15:45	262
U026	S0062	3/23/2025 8:00	108
U026	S0019	3/28/2025 16:48	256
U029	S0018	3/19/2025 6:47	57
U009	S0005	3/25/2025 17:07	297
U016	S0015	3/28/2025 21:50	122
U002	S0092	3/20/2025 19:24	148
U044	S0050	3/27/2025 5:00	259
U039	S0029	3/27/2025 3:03	144
U042	S0026	3/26/2025 10:52	62
U046	S0094	3/24/2025 18:56	265
U018	S0085	3/26/2025 0:18	176
U034	S0040	3/23/2025 15:30	57
U039	S0055	3/27/2025 16:21	270
U030	S0072	3/24/2025 5:50	170
U026	S0067	3/21/2025 22:15	35
U005	S0075	3/22/2025 14:47	289
U050	S0049	3/25/2025 12:44	261
U031	S0015	3/23/2025 9:13	266
U031	S0055	3/26/2025 1:53	182
U037	S0048	3/25/2025 12:27	248
U005	S0075	3/17/2025 4:32	238
U020	S0052	3/17/2025 1:14	36
U032	S0066	3/25/2025 19:36	213
U024	S0088	3/20/2025 14:07	260
U045	S0028	3/23/2025 7:26	248
U031	S0019	3/27/2025 12:43	249
U019	S0018	3/25/2025 6:00	290
U030	S0052	3/27/2025 6:23	174
U042	S0005	3/26/2025 13:39	248
U017	S0015	3/27/2025 14:00	50
U028	S0089	3/29/2025 6:09	160
U023	S0007	3/19/2025 13:45	115
U002	S0092	3/18/2025 15:41	113
U030	S0086	3/28/2025 18:19	126
U033	S0021	3/22/2025 13:07	187
U001	S0093	3/26/2025 1:11	200
U012	S0032	3/21/2025 17:06	284
U009	S0046	3/24/2025 17:08	197
U007	S0092	3/26/2025 18:37	149
U031	S0019	3/20/2025 20:49	95
U041	S0046	3/28/2025 20:41	209
U030	S0031	3/20/2025 8:11	201
U042	S0033	3/24/2025 21:31	297
U038	S0082	3/18/2025 20:08	226
U043	S0011	3/22/2025 5:35	150
U011	S0026	3/23/2025 18:15	220
U013	S0058	3/26/2025 22:29	49
U033	S0078	3/27/2025 11:55	182
U038	S0061	3/19/2025 1:13	189
U023	S0080	3/29/2025 0:02	211
U004	S0093	3/26/2025 17:10	216
U004	S0058	3/23/2025 11:11	206
U031	S0080	3/21/2025 21:22	55
U001	S0010	3/26/2025 0:50	97
U031	S0013	3/29/2025 13:08	206
U014	S0084	3/22/2025 15:37	67
U008	S0058	3/20/2025 5:30	181
U003	S0092	3/24/2025 15:36	242
U044	S0003	3/21/2025 2:41	58
U005	S0046	3/19/2025 21:39	159
U047	S0009	3/23/2025 3:54	147
U018	S0013	3/22/2025 16:56	234
U048	S0024	3/20/2025 5:04	252
U049	S0038	3/21/2025 16:04	207
U032	S0039	3/19/2025 10:14	171
U012	S0092	3/17/2025 10:39	216
U038	S0031	3/22/2025 20:40	279
U023	S0014	3/25/2025 15:52	212
U002	S0046	3/26/2025 16:00	199
U033	S0037	3/27/2025 6:22	116
U047	S0052	3/29/2025 8:33	50
U048	S0031	3/24/2025 7:36	145
U050	S0007	3/26/2025 8:05	260
U038	S0015	3/24/2025 22:50	68
U046	S0052	3/24/2025 14:11	210
U018	S0081	3/22/2025 4:45	184
U005	S0091	3/25/2025 21:22	50
U007	S0092	3/19/2025 6:27	245
U030	S0063	3/28/2025 13:11	149
U047	S0049	3/27/2025 6:09	258
U041	S0070	3/19/2025 16:08	225
U032	S0026	3/24/2025 20:07	246
U029	S0080	3/29/2025 20:48	230
U041	S0001	3/19/2025 14:38	116
U007	S0068	3/22/2025 22:39	102
U020	S0083	3/28/2025 10:34	99
U003	S0075	3/25/2025 13:44	53
U030	S0022	3/29/2025 17:33	268
U044	S0055	3/21/2025 19:45	81
U036	S0098	3/27/2025 19:41	48
U037	S0041	3/29/2025 2:30	113
U037	S0100	3/24/2025 14:16	105
U010	S0087	3/25/2025 0:48	156
U014	S0071	3/26/2025 12:27	97
U007	S0093	3/27/2025 17:54	102
U049	S0094	3/18/2025 20:19	213
U046	S0006	3/22/2025 4:29	82
U033	S0060	3/20/2025 14:37	200
U041	S0098	3/19/2025 5:21	272
U022	S0084	3/29/2025 7:03	67
U028	S0040	3/19/2025 20:39	261
U044	S0007	3/24/2025 0:06	160
U034	S0095	3/17/2025 1:24	273
U030	S0094	3/17/2025 18:41	286
U007	S0066	3/27/2025 2:42	173
U023	S0063	3/20/2025 23:03	71
U005	S0066	3/27/2025 22:05	281
U029	S0039	3/24/2025 10:03	101
U015	S0014	3/28/2025 7:22	240
U040	S0090	3/24/2025 6:43	134
U005	S0066	3/28/2025 2:59	120
U036	S0040	3/24/2025 20:16	178
U013	S0036	3/29/2025 12:48	179
U043	S0004	3/17/2025 23:31	280
U042	S0023	3/19/2025 20:32	95
U031	S0079	3/29/2025 16:15	66
U005	S0066	3/20/2025 7:20	172
U048	S0074	3/24/2025 5:40	194
U006	S0066	3/19/2025 4:38	123
U045	S0084	3/27/2025 22:00	284
U049	S0075	3/29/2025 16:40	109
U001	S0093	3/17/2025 15:11	57
U017	S0046	3/19/2025 4:59	221
U019	S0037	3/28/2025 11:41	103
U009	S0093	3/25/2025 5:29	111
U003	S0095	3/22/2025 21:50	101
U021	S0084	3/21/2025 4:31	43
U035	S0043	3/28/2025 3:55	287
U023	S0010	3/29/2025 12:00	257
U035	S0071	3/25/2025 12:27	292
U024	S0055	3/24/2025 21:15	120
U026	S0078	3/25/2025 18:38	148
U015	S0091	3/21/2025 13:46	276
U023	S0069	3/19/2025 0:35	85
U005	S0066	3/27/2025 16:53	267
U050	S0041	3/18/2025 0:24	112
U012	S0053	3/22/2025 14:25	298
U007	S0066	3/23/2025 12:15	160
U003	S0095	3/19/2025 23:30	111
U037	S0076	3/17/2025 3:13	218
U015	S0029	3/23/2025 12:48	240
U004	S0082	3/29/2025 9:34	164
U029	S0080	3/18/2025 10:55	122
U039	S0060	3/24/2025 22:56	229
U015	S0070	3/25/2025 4:28	193
U006	S0091	3/20/2025 16:26	152
U048	S0066	3/22/2025 14:50	134
U037	S0098	3/24/2025 8:30	152
U044	S0077	3/19/2025 10:30	142
U009	S0062	3/20/2025 14:44	293
U028	S0063	3/23/2025 6:45	92
U008	S0086	3/25/2025 19:05	86
U002	S0046	3/21/2025 1:15	285
U046	S0004	3/27/2025 15:45	230
U038	S0026	3/23/2025 5:58	137
U045	S0004	3/21/2025 17:13	162
U031	S0017	3/18/2025 13:00	191
U023	S0038	3/28/2025 19:52	102
U009	S0093	3/27/2025 2:07	228
U044	S0033	3/24/2025 15:21	111
U023	S0002	3/18/2025 4:04	175
U040	S0019	3/20/2025 18:08	293
U034	S0003	3/22/2025 6:12	155
U008	S0091	3/17/2025 16:15	30
U030	S0048	3/18/2025 14:46	258
U005	S0091	3/20/2025 11:32	188
U041	S0034	3/18/2025 18:02	116
U011	S0059	3/26/2025 2:29	86
U017	S0032	3/25/2025 3:11	186
U027	S0034	3/17/2025 9:44	157
U011	S0095	3/18/2025 2:54	218
U025	S0074	3/18/2025 2:38	222
U020	S0092	3/20/2025 20:41	50
U034	S0010	3/17/2025 1:20	244
U049	S0089	3/26/2025 9:40	219
U041	S0050	3/29/2025 1:25	34
U016	S0067	3/19/2025 6:54	294
U038	S0001	3/19/2025 16:54	81
U009	S0028	3/25/2025 21:59	233
U008	S0046	3/25/2025 11:20	242
U018	S0022	3/29/2025 20:55	230
U038	S0047	3/17/2025 16:04	275
U006	S0093	3/29/2025 4:53	267
U037	S0100	3/18/2025 23:04	129
U031	S0027	3/24/2025 16:36	291
U036	S0066	3/27/2025 23:43	103
U024	S0070	3/17/2025 5:47	107
U034	S0097	3/24/2025 21:00	209
U035	S0091	3/29/2025 7:06	218
U040	S0030	3/19/2025 7:01	108
U010	S0075	3/17/2025 14:39	127
U003	S0092	3/24/2025 3:34	134
U031	S0011	3/19/2025 8:45	283
U024	S0021	3/23/2025 8:26	222
U002	S0005	3/18/2025 1:23	192
U048	S0026	3/19/2025 16:58	235
U042	S0061	3/23/2025 1:19	171
U039	S0038	3/28/2025 16:46	244
U027	S0090	3/18/2025 1:30	161
U041	S0050	3/27/2025 10:20	213
U033	S0063	3/20/2025 22:32	231
U012	S0062	3/23/2025 16:36	291
U017	S0053	3/28/2025 9:42	243
U002	S0066	3/17/2025 1:01	242
U026	S0093	3/18/2025 6:50	197
U035	S0094	3/19/2025 17:31	209
U013	S0068	3/29/2025 3:36	270
U014	S0095	3/24/2025 15:33	104
U049	S0071	3/24/2025 19:48	252
U026	S0048	3/23/2025 6:01	209
U017	S0021	3/18/2025 7:14	84
U013	S0051	3/19/2025 4:37	120
U027	S0035	3/20/2025 2:41	135
U028	S0093	3/17/2025 13:00	237
U023	S0054	3/20/2025 22:30	253
U049	S0032	3/24/2025 1:41	219
U003	S0005	3/22/2025 6:31	122
U004	S0033	3/28/2025 23:06	295
U011	S0040	3/26/2025 5:10	296
U038	S0082	3/18/2025 14:11	60
U018	S0089	3/23/2025 18:15	231
U047	S0068	3/18/2025 2:32	48
U046	S0022	3/27/2025 18:37	203
U031	S0005	3/28/2025 14:33	174
U008	S0075	3/29/2025 15:15	224
U024	S0006	3/21/2025 9:15	205
U038	S0001	3/22/2025 11:44	68
U023	S0036	3/19/2025 1:56	72
U034	S0099	3/18/2025 3:09	271
U017	S0088	3/22/2025 1:49	170
U047	S0011	3/20/2025 23:03	50
U006	S0036	3/26/2025 15:16	157
U028	S0033	3/24/2025 23:03	298
U022	S0088	3/28/2025 6:38	210
U016	S0067	3/23/2025 9:49	130
U005	S0095	3/28/2025 11:09	83
U034	S0017	3/24/2025 3:43	233
U021	S0018	3/19/2025 22:27	163
U041	S0039	3/28/2025 17:39	144
U002	S0005	3/19/2025 5:13	81
U046	S0019	3/24/2025 23:17	144
U028	S0026	3/21/2025 9:36	138
U016	S0089	3/28/2025 2:17	217
U020	S0093	3/18/2025 9:51	254
U041	S0099	3/21/2025 16:05	290
U043	S0085	3/28/2025 2:27	73
U047	S0038	3/20/2025 0:24	70
U040	S0090	3/24/2025 8:07	45
U041	S0100	3/21/2025 17:47	139
U042	S0033	3/18/2025 19:34	87
U011	S0023	3/26/2025 0:55	154
U016	S0089	3/29/2025 23:16	167
U042	S0085	3/24/2025 6:50	172
U039	S0033	3/27/2025 2:36	116
U005	S0058	3/26/2025 10:00	56
U014	S0021	3/23/2025 9:19	180
U019	S0002	3/19/2025 13:58	245
U031	S0072	3/26/2025 10:37	200
U041	S0094	3/17/2025 21:35	177
U033	S0069	3/27/2025 10:38	110
U043	S0071	3/27/2025 2:06	110
U036	S0017	3/28/2025 6:31	212
U001	S0028	3/29/2025 18:00	100
U021	S0096	3/28/2025 9:04	233
U031	S0066	3/25/2025 13:49	67
U041	S0050	3/22/2025 16:59	151
U016	S0096	3/19/2025 13:59	241
U026	S0084	3/17/2025 6:30	127
U009	S0058	3/27/2025 9:20	153
U021	S0040	3/20/2025 13:45	100
U006	S0062	3/25/2025 15:08	186
U010	S0036	3/24/2025 18:53	282
U036	S0059	3/27/2025 5:50	190
U029	S0055	3/22/2025 8:47	41
U047	S0070	3/20/2025 8:08	75
U037	S0018	3/23/2025 0:16	87
U038	S0080	3/25/2025 23:32	188
U038	S0040	3/24/2025 1:08	223
U028	S0003	3/22/2025 20:23	297
U006	S0005	3/23/2025 15:14	117
U050	S0029	3/22/2025 6:54	151
U032	S0075	3/27/2025 4:42	149
U003	S0093	3/25/2025 18:37	260
U022	S0091	3/19/2025 13:36	295
U003	S0058	3/22/2025 1:28	284
U022	S0065	3/27/2025 7:22	252
U016	S0008	3/27/2025 18:32	269
U012	S0049	3/22/2025 8:04	51
U044	S0083	3/17/2025 6:06	95
U047	S0039	3/20/2025 15:35	138
U046	S0043	3/25/2025 12:47	77
U029	S0077	3/17/2025 3:44	294
U032	S0047	3/17/2025 0:31	137
U029	S0021	3/23/2025 15:17	129
U022	S0090	3/28/2025 3:56	61
U031	S0018	3/21/2025 19:53	94
U026	S0001	3/29/2025 10:32	289
U016	S0002	3/25/2025 20:19	216
U008	S0092	3/18/2025 14:20	30
U048	S0078	3/20/2025 22:27	263
U033	S0034	3/27/2025 20:23	267
U040	S0014	3/25/2025 1:19	281
U047	S0034	3/26/2025 12:50	240
U044	S0024	3/17/2025 19:29	231
U002	S0075	3/17/2025 4:07	122
U049	S0004	3/28/2025 11:40	192
U029	S0095	3/23/2025 9:41	227
U025	S0067	3/25/2025 17:58	233
U005	S0058	3/22/2025 4:36	104
U023	S0024	3/19/2025 4:42	50
U034	S0068	3/29/2025 20:48	116
U005	S0066	3/21/2025 11:00	215
U015	S0037	3/21/2025 14:45	196
U049	S0091	3/28/2025 8:21	164
U034	S0011	3/26/2025 15:49	215
U018	S0011	3/28/2025 15:49	166
U010	S0093	3/24/2025 7:23	193
U044	S0014	3/19/2025 0:46	241
U037	S0017	3/28/2025 23:59	145
U016	S0068	3/21/2025 17:54	193
U047	S0005	3/17/2025 1:23	142
U005	S0093	3/19/2025 16:13	211
U044	S0009	3/17/2025 5:48	147
U016	S0017	3/24/2025 5:58	280
U023	S0082	3/25/2025 23:00	239
U004	S0058	3/27/2025 19:49	68
U033	S0005	3/25/2025 15:22	163
U019	S0004	3/29/2025 14:02	218
U012	S0037	3/25/2025 15:42	86
U009	S0095	3/27/2025 18:25	249
U003	S0091	3/22/2025 21:56	249
U014	S0084	3/18/2025 20:03	254
U035	S0025	3/25/2025 4:32	49
U037	S0033	3/19/2025 18:12	188
U018	S0065	3/19/2025 23:20	153
U035	S0075	3/20/2025 9:28	163
U023	S0015	3/29/2025 23:22	165
U004	S0092	3/22/2025 12:42	270
U033	S0020	3/29/2025 8:29	96
U003	S0036	3/27/2025 9:44	267
U011	S0100	3/22/2025 13:02	218
U009	S0058	3/17/2025 12:07	250
U016	S0090	3/17/2025 7:16	105
U016	S0002	3/18/2025 11:42	283
U023	S0023	3/29/2025 20:11	232
U003	S0006	3/18/2025 21:41	267
U005	S0095	3/28/2025 2:47	225
U011	S0051	3/27/2025 7:07	65
U036	S0047	3/27/2025 19:18	225
U001	S0005	3/29/2025 11:02	153
U004	S0005	3/23/2025 8:26	198
U020	S0077	3/24/2025 10:27	89
U045	S0011	3/25/2025 21:16	112
U034	S0078	3/27/2025 12:12	127
U011	S0023	3/17/2025 6:06	219
U008	S0093	3/17/2025 19:52	207
U044	S0085	3/22/2025 0:15	128
U028	S0012	3/21/2025 5:11	63
U036	S0087	3/17/2025 11:54	282
U027	S0067	3/19/2025 17:20	166
U044	S0056	3/24/2025 3:44	78
U007	S0046	3/29/2025 0:26	124
U001	S0095	3/20/2025 0:27	73
U013	S0008	3/22/2025 10:35	183
U033	S0034	3/23/2025 16:23	148
U021	S0089	3/29/2025 6:05	69
U007	S0046	3/21/2025 5:31	276
U021	S0055	3/18/2025 12:57	228
U004	S0095	3/28/2025 0:28	73
U005	S0093	3/27/2025 9:56	291
U045	S0038	3/18/2025 11:07	147
U048	S0032	3/17/2025 13:52	124
U019	S0032	3/25/2025 20:07	202
U045	S0024	3/28/2025 8:57	290
U009	S0005	3/25/2025 7:18	64
U005	S0093	3/28/2025 16:00	218
U012	S0033	3/18/2025 16:38	83
U028	S0081	3/25/2025 8:23	228
U007	S0046	3/23/2025 13:35	282
U022	S0091	3/23/2025 0:47	175
U030	S0086	3/19/2025 5:17	102
U033	S0070	3/24/2025 8:23	219
U036	S0025	3/20/2025 19:18	32
U036	S0003	3/26/2025 2:46	44
U037	S0082	3/20/2025 11:54	140
U050	S0039	3/18/2025 9:48	184
U023	S0034	3/20/2025 17:27	150
U008	S0093	3/24/2025 19:47	197
U012	S0061	3/17/2025 18:18	164
U037	S0043	3/29/2025 1:24	69
U044	S0008	3/21/2025 6:54	84
U034	S0089	3/18/2025 17:10	67
U004	S0097	3/29/2025 0:05	247
U020	S0023	3/20/2025 7:09	265
U012	S0001	3/26/2025 3:01	264
U015	S0032	3/23/2025 5:42	145
U043	S0036	3/23/2025 5:20	275
U011	S0055	3/29/2025 17:56	260
U028	S0046	3/29/2025 0:42	32
U041	S0040	3/26/2025 22:50	82
U018	S0065	3/18/2025 4:55	193
U009	S0028	3/22/2025 10:28	33
U002	S0093	3/23/2025 18:23	211
U038	S0054	3/27/2025 18:57	280
U007	S0075	3/20/2025 23:57	212
U002	S0058	3/17/2025 5:21	168
U046	S0046	3/19/2025 9:03	272
U048	S0049	3/23/2025 21:40	132
U011	S0016	3/28/2025 5:19	115
U032	S0060	3/29/2025 9:49	153
U028	S0095	3/20/2025 14:37	174
U035	S0080	3/24/2025 9:56	62
U043	S0018	3/23/2025 4:33	278
U039	S0067	3/23/2025 1:52	53
U047	S0052	3/27/2025 16:37	167
U004	S0022	3/17/2025 8:46	262
U002	S0066	3/26/2025 10:22	79
U047	S0092	3/25/2025 18:26	159
U040	S0057	3/25/2025 11:09	233
U046	S0068	3/27/2025 12:58	119
U009	S0091	3/24/2025 17:54	74
U044	S0067	3/21/2025 2:33	174
U031	S0009	3/22/2025 4:50	204
U024	S0031	3/18/2025 21:43	46
U047	S0041	3/17/2025 13:56	263
U045	S0021	3/18/2025 9:24	280
U029	S0085	3/19/2025 9:14	184
U023	S0090	3/21/2025 13:24	210
U016	S0039	3/24/2025 17:05	113
U012	S0012	3/18/2025 2:54	142
U014	S0042	3/27/2025 21:24	258
U030	S0079	3/26/2025 2:56	31
U041	S0091	3/25/2025 9:57	90
U033	S0061	3/20/2025 8:15	237
U011	S0010	3/25/2025 13:22	161
U050	S0091	3/17/2025 6:33	86
U023	S0029	3/28/2025 11:01	142
U030	S0018	3/19/2025 19:28	98
U024	S0015	3/24/2025 23:23	101
U013	S0021	3/22/2025 1:20	280
U006	S0091	3/28/2025 12:18	190
U040	S0014	3/18/2025 19:44	172
U002	S0066	3/25/2025 6:13	134
U045	S0002	3/20/2025 12:58	166
U009	S0066	3/28/2025 11:44	263
U043	S0047	3/18/2025 14:21	259
U045	S0065	3/27/2025 17:27	182
U047	S0007	3/20/2025 3:20	214
U046	S0068	3/28/2025 8:15	83
U015	S0001	3/25/2025 6:05	40
U050	S0050	3/24/2025 21:20	100
U043	S0042	3/24/2025 17:49	193
U026	S0018	3/21/2025 20:59	172
U036	S0079	3/29/2025 6:01	88
U015	S0025	3/24/2025 19:08	228
U016	S0003	3/29/2025 9:14	65
U006	S0046	3/25/2025 13:01	48
U023	S0026	3/29/2025 22:07	162
U036	S0027	3/17/2025 1:14	53
U050	S0069	3/19/2025 12:26	58
U037	S0059	3/17/2025 4:14	122
U042	S0066	3/25/2025 10:11	243
U042	S0060	3/26/2025 1:56	129
U010	S0092	3/19/2025 12:01	179
U025	S0027	3/29/2025 4:24	249
U031	S0097	3/17/2025 5:20	251
U005	S0091	3/19/2025 6:13	118
U031	S0065	3/17/2025 2:38	142
U039	S0018	3/24/2025 22:23	126
U007	S0075	3/20/2025 8:07	241
U015	S0075	3/24/2025 22:09	259
U048	S0055	3/28/2025 3:37	91
U026	S0039	3/26/2025 23:21	223
U004	S0036	3/26/2025 7:35	263
U037	S0047	3/24/2025 22:39	127
U050	S0025	3/20/2025 8:17	270
U021	S0061	3/24/2025 0:07	161
U012	S0045	3/26/2025 14:42	204
U017	S0053	3/25/2025 11:16	58
U017	S0020	3/19/2025 17:33	290
U029	S0031	3/25/2025 18:33	201
U027	S0027	3/19/2025 9:44	271
U036	S0003	3/25/2025 3:10	281
U034	S0085	3/22/2025 21:07	75
U046	S0012	3/22/2025 11:39	96
U036	S0081	3/26/2025 20:31	161
U010	S0036	3/26/2025 15:10	111
U001	S0046	3/26/2025 9:07	32
U005	S0097	3/24/2025 23:08	57
U007	S0046	3/28/2025 12:15	293
U002	S0097	3/26/2025 21:49	96
U033	S0018	3/29/2025 7:00	253
U041	S0034	3/29/2025 15:25	262
U049	S0047	3/26/2025 18:09	106
U034	S0091	3/24/2025 23:55	103
U026	S0004	3/17/2025 23:13	152
U015	S0061	3/21/2025 13:54	52
U019	S0100	3/29/2025 17:38	49
U006	S0006	3/22/2025 6:54	203
U013	S0047	3/22/2025 22:12	70
U026	S0063	3/20/2025 3:32	49
U012	S0020	3/25/2025 17:00	157
U024	S0055	3/17/2025 2:35	71
U050	S0023	3/19/2025 11:36	222
U034	S0079	3/26/2025 21:30	150
U009	S0093	3/27/2025 22:35	217
U005	S0066	3/19/2025 4:01	252
U017	S0080	3/27/2025 3:51	185
U018	S0056	3/25/2025 23:59	110
U038	S0017	3/25/2025 1:32	188
U028	S0085	3/23/2025 15:54	118
U013	S0013	3/24/2025 9:22	196
U036	S0027	3/22/2025 6:12	180
U022	S0012	3/22/2025 1:21	184
U046	S0097	3/20/2025 14:03	60
U016	S0049	3/18/2025 15:19	175
U011	S0091	3/22/2025 6:21	65
U046	S0034	3/28/2025 2:15	141
U027	S0070	3/23/2025 15:45	72
U041	S0021	3/24/2025 10:30	40
U015	S0068	3/25/2025 18:12	117
U016	S0041	3/28/2025 15:13	178
U010	S0091	3/20/2025 17:22	102
U007	S0032	3/26/2025 23:22	43
U050	S0018	3/28/2025 19:04	129
U003	S0023	3/20/2025 5:50	39
U013	S0064	3/26/2025 11:53	53
U030	S0001	3/18/2025 12:09	71
U003	S0091	3/28/2025 16:01	207
U025	S0061	3/27/2025 0:19	179
U023	S0015	3/26/2025 5:45	145
U025	S0071	3/29/2025 21:44	46
U025	S0039	3/21/2025 7:55	223
U025	S0008	3/22/2025 7:16	186
U011	S0013	3/28/2025 18:19	201
U011	S0073	3/23/2025 11:26	155
U039	S0043	3/21/2025 6:46	80
U007	S0058	3/27/2025 9:59	262
U044	S0007	3/29/2025 20:46	211
U008	S0046	3/28/2025 7:43	115
U009	S0091	3/28/2025 3:26	54
U040	S0034	3/25/2025 6:15	38
U013	S0079	3/27/2025 9:21	178
U024	S0060	3/27/2025 10:17	209
U017	S0032	3/23/2025 22:13	61
U002	S0005	3/19/2025 1:22	77
U006	S0092	3/18/2025 12:09	38
U001	S0046	3/28/2025 11:48	157
U020	S0058	3/22/2025 17:14	97
U007	S0095	3/18/2025 23:37	207
U027	S0040	3/18/2025 8:00	185
U012	S0020	3/29/2025 8:13	187
U037	S0032	3/26/2025 15:16	39
U040	S0031	3/20/2025 15:41	202
U005	S0093	3/27/2025 10:50	133
U018	S0009	3/17/2025 13:01	259
U037	S0011	3/28/2025 18:04	57
U017	S0013	3/26/2025 12:56	76
U043	S0006	3/28/2025 19:52	89
U021	S0017	3/28/2025 8:53	139
U035	S0042	3/21/2025 2:41	58
U031	S0084	3/24/2025 19:16	231
U046	S0014	3/18/2025 16:42	202
U001	S0005	3/18/2025 7:23	161
U036	S0070	3/27/2025 6:03	36
U035	S0019	3/17/2025 22:36	50
U008	S0005	3/22/2025 23:05	165
U041	S0003	3/26/2025 10:39	203
U049	S0012	3/19/2025 11:58	176
U013	S0055	3/23/2025 23:51	237
U042	S0028	3/23/2025 17:06	294
U029	S0086	3/26/2025 15:20	72
U035	S0075	3/21/2025 12:42	67
U027	S0047	3/20/2025 8:01	211
U042	S0042	3/22/2025 15:42	44
U015	S0078	3/26/2025 2:29	279
U046	S0091	3/18/2025 23:56	97
U029	S0032	3/22/2025 15:23	106
U046	S0038	3/25/2025 23:05	158
U049	S0057	3/25/2025 9:04	293
U001	S0005	3/22/2025 0:21	241
U031	S0075	3/24/2025 19:00	244
U020	S0015	3/23/2025 10:17	240
U024	S0060	3/23/2025 12:18	117
U033	S0023	3/17/2025 12:55	289
U026	S0066	3/26/2025 6:33	141
U007	S0036	3/17/2025 18:37	206
U001	S0058	3/24/2025 4:56	105
U049	S0022	3/22/2025 0:47	43
U037	S0094	3/29/2025 3:58	42
U029	S0097	3/25/2025 10:41	223
U007	S0075	3/26/2025 16:25	255
U031	S0077	3/17/2025 15:44	41
U013	S0098	3/28/2025 20:15	199
U007	S0075	3/22/2025 8:32	235
U026	S0054	3/18/2025 14:57	79
U049	S0036	3/29/2025 8:05	168
U032	S0065	3/24/2025 17:06	191
U001	S0091	3/25/2025 3:23	237
U032	S0086	3/25/2025 13:19	287
U026	S0099	3/18/2025 12:53	274
U002	S0091	3/19/2025 3:11	62
U042	S0087	3/28/2025 7:22	63
U003	S0091	3/27/2025 5:19	213
U045	S0014	3/25/2025 18:52	110
U030	S0021	3/17/2025 22:39	206
U023	S0018	3/17/2025 8:09	116
U014	S0065	3/27/2025 9:07	176
U046	S0009	3/22/2025 22:08	108
U031	S0064	3/20/2025 2:47	268
U043	S0070	3/19/2025 9:49	56
U039	S0059	3/21/2025 23:58	101
U019	S0007	3/27/2025 2:50	125
U004	S0066	3/22/2025 23:21	226
U016	S0056	3/24/2025 17:40	116
U014	S0088	3/26/2025 19:40	267
U016	S0043	3/26/2025 19:09	293
U005	S0040	3/29/2025 8:16	234
U049	S0068	3/21/2025 20:32	63
U015	S0029	3/24/2025 18:46	80
U014	S0050	3/20/2025 10:05	163
U020	S0030	3/19/2025 8:17	281
U007	S0058	3/22/2025 20:19	92
U032	S0087	3/26/2025 10:39	145
U024	S0081	3/29/2025 8:40	156
U014	S0046	3/20/2025 8:24	281
U008	S0080	3/21/2025 6:11	93
U026	S0008	3/19/2025 0:26	210
U002	S0046	3/17/2025 20:02	126
U009	S0097	3/27/2025 18:18	219
U040	S0070	3/29/2025 8:13	257
U009	S0091	3/21/2025 11:48	83
U030	S0035	3/25/2025 15:52	58
U002	S0058	3/18/2025 18:32	134
U022	S0041	3/28/2025 8:00	277
U040	S0060	3/27/2025 18:25	235
U046	S0024	3/29/2025 7:42	138
U014	S0082	3/21/2025 15:20	260
U031	S0057	3/24/2025 15:39	155
U002	S0028	3/17/2025 8:51	203
U047	S0041	3/26/2025 14:11	271
U009	S0010	3/26/2025 11:03	54
U042	S0013	3/28/2025 7:22	75
U048	S0063	3/19/2025 8:44	158
U027	S0052	3/21/2025 2:07	61
U047	S0022	3/27/2025 12:05	242
U036	S0014	3/24/2025 17:00	180
U034	S0037	3/19/2025 14:29	225
U032	S0081	3/29/2025 6:39	295
U010	S0093	3/28/2025 1:53	264
U001	S0097	3/28/2025 0:47	279
U018	S0042	3/25/2025 12:29	241
U002	S0093	3/27/2025 0:18	176
U032	S0091	3/27/2025 13:49	58
U048	S0046	3/24/2025 20:38	61
U028	S0001	3/28/2025 6:47	105
U039	S0026	3/19/2025 18:14	46
U044	S0069	3/28/2025 19:53	71
U029	S0030	3/19/2025 4:32	227
U036	S0014	3/25/2025 1:56	70
U016	S0075	3/27/2025 5:07	143
U026	S0045	3/25/2025 7:02	156
U033	S0060	3/26/2025 1:50	252
U048	S0075	3/24/2025 13:25	280
U008	S0087	3/29/2025 21:17	267
U003	S0036	3/24/2025 17:03	191
U030	S0061	3/27/2025 13:33	108
U026	S0056	3/20/2025 0:55	61
U038	S0036	3/28/2025 2:23	299
U031	S0065	3/19/2025 4:59	33
U014	S0047	3/20/2025 6:11	223
U048	S0020	3/23/2025 20:35	132
U035	S0068	3/22/2025 23:41	240
U020	S0090	3/24/2025 20:30	281
U015	S0050	3/29/2025 7:18	188
U031	S0018	3/26/2025 1:09	169
U045	S0073	3/18/2025 20:50	168
U003	S0046	3/17/2025 18:08	42
U025	S0074	3/29/2025 1:46	244
U016	S0015	3/23/2025 8:06	35
U021	S0034	3/18/2025 1:27	280
U042	S0005	3/27/2025 11:07	45
U018	S0088	3/17/2025 23:41	193
U039	S0097	3/20/2025 14:34	238
U033	S0080	3/19/2025 14:42	112
U048	S0069	3/19/2025 17:09	297
U026	S0080	3/26/2025 21:22	126
U047	S0046	3/27/2025 11:34	55
U021	S0002	3/23/2025 16:00	190
U031	S0027	3/26/2025 19:40	122
U019	S0100	3/24/2025 3:35	295
U025	S0056	3/27/2025 20:25	82
U023	S0002	3/21/2025 14:11	151
U004	S0046	3/28/2025 18:29	238
U047	S0089	3/23/2025 1:37	87
U026	S0024	3/23/2025 20:31	77
U023	S0065	3/27/2025 22:04	74
U039	S0095	3/28/2025 16:41	36
U024	S0053	3/20/2025 7:45	150
U029	S0071	3/18/2025 5:14	242
U001	S0071	3/26/2025 11:41	268
U016	S0007	3/20/2025 18:43	123
U036	S0033	3/21/2025 18:05	254
U046	S0011	3/19/2025 7:18	186
U030	S0097	3/29/2025 18:25	58
U003	S0005	3/29/2025 6:09	81
U027	S0091	3/22/2025 15:29	203
U036	S0016	3/18/2025 23:01	51
U012	S0002	3/29/2025 10:12	171
U045	S0038	3/18/2025 1:56	282
U002	S0066	3/28/2025 11:57	243
U001	S0092	3/17/2025 15:07	104
U043	S0043	3/26/2025 19:54	119
U040	S0016	3/29/2025 22:01	62
U046	S0054	3/20/2025 19:09	201
U011	S0029	3/23/2025 11:47	195
U037	S0035	3/24/2025 22:41	147
U028	S0092	3/21/2025 11:04	229
U022	S0034	3/27/2025 18:54	299
U011	S0044	3/18/2025 7:47	141
U014	S0007	3/26/2025 2:19	261
U014	S0013	3/17/2025 23:11	196
U005	S0075	3/29/2025 17:36	211
U007	S0082	3/20/2025 5:02	135
U007	S0046	3/29/2025 10:27	96
U040	S0072	3/29/2025 9:44	289
U007	S0066	3/27/2025 16:00	44
U048	S0008	3/29/2025 21:18	79
U016	S0090	3/19/2025 2:45	151
U011	S0026	3/21/2025 9:35	89
U015	S0068	3/28/2025 8:18	172
U033	S0071	3/24/2025 15:32	195
U013	S0039	3/18/2025 22:43	271
U045	S0025	3/19/2025 14:07	212
U016	S0010	3/28/2025 20:43	77
U022	S0085	3/21/2025 5:09	186
U015	S0053	3/18/2025 0:24	166
U008	S0028	3/28/2025 21:45	244
U019	S0057	3/22/2025 9:38	91
U005	S0097	3/22/2025 18:01	244
U007	S0095	3/27/2025 1:03	65
U023	S0034	3/20/2025 11:32	204
U033	S0055	3/25/2025 17:46	219
U037	S0066	3/22/2025 8:36	265
U030	S0024	3/28/2025 5:33	132
U023	S0029	3/23/2025 22:59	136
U049	S0088	3/20/2025 14:38	228
U011	S0100	3/25/2025 18:45	107
U030	S0066	3/20/2025 0:49	47
U005	S0036	3/23/2025 20:20	270
U024	S0031	3/26/2025 2:27	238
U042	S0019	3/19/2025 18:34	251
U023	S0057	3/17/2025 15:12	217
U015	S0004	3/18/2025 20:33	89
U001	S0075	3/20/2025 16:23	89
U001	S0095	3/29/2025 17:44	31
U034	S0057	3/20/2025 16:46	230
U029	S0066	3/18/2025 22:06	68
U003	S0100	3/23/2025 1:18	74
U038	S0085	3/18/2025 0:09	125
U034	S0071	3/21/2025 23:54	76
U045	S0099	3/25/2025 17:33	178
U039	S0044	3/24/2025 8:23	113
U025	S0040	3/25/2025 5:59	58
U049	S0063	3/28/2025 21:43	171
U043	S0069	3/21/2025 10:24	113
U043	S0020	3/27/2025 15:00	289
U032	S0063	3/26/2025 5:47	245
U023	S0064	3/27/2025 18:31	114
U008	S0075	3/25/2025 9:12	75
U003	S0092	3/27/2025 13:29	160
U013	S0025	3/23/2025 7:16	102
U041	S0033	3/18/2025 18:54	138
U043	S0078	3/24/2025 23:03	291
U033	S0099	3/29/2025 23:36	134
U047	S0010	3/22/2025 12:53	262
U034	S0038	3/20/2025 12:20	82
U022	S0049	3/17/2025 15:14	168
U022	S0009	3/26/2025 13:29	260
U004	S0075	3/18/2025 21:35	118
U022	S0025	3/25/2025 14:02	140
U031	S0018	3/26/2025 16:25	64
U019	S0096	3/27/2025 16:34	69
U029	S0088	3/17/2025 3:32	72
U031	S0080	3/24/2025 22:40	50
U036	S0028	3/23/2025 3:10	153
U043	S0077	3/22/2025 17:52	64
U045	S0076	3/18/2025 10:14	234
U001	S0036	3/27/2025 7:39	31
U035	S0069	3/21/2025 6:38	53
U046	S0015	3/25/2025 23:54	43
U012	S0017	3/21/2025 11:52	76
U007	S0036	3/23/2025 3:08	65
U015	S0050	3/22/2025 9:39	168
U003	S0093	3/17/2025 5:52	209
U031	S0029	3/26/2025 11:51	206
U011	S0078	3/26/2025 22:22	265
U040	S0043	3/19/2025 4:25	138
U008	S0092	3/27/2025 11:55	225
U050	S0099	3/17/2025 19:09	64
U037	S0049	3/26/2025 11:27	258
U038	S0060	3/23/2025 7:55	266
U046	S0035	3/17/2025 0:19	254
U045	S0043	3/21/2025 17:09	269
U041	S0035	3/18/2025 18:16	149
U049	S0067	3/25/2025 10:38	48
U031	S0041	3/27/2025 9:10	51
U010	S0086	3/19/2025 9:59	286
U037	S0028	3/17/2025 11:21	74
U037	S0040	3/17/2025 4:20	118
U024	S0072	3/23/2025 5:34	50
U048	S0046	3/25/2025 6:45	35
U012	S0007	3/21/2025 12:30	68
U048	S0077	3/27/2025 11:38	42
U027	S0085	3/18/2025 20:08	30
U022	S0082	3/29/2025 16:41	129
U015	S0053	3/25/2025 19:39	245
U017	S0017	3/27/2025 23:30	154
U029	S0055	3/19/2025 17:03	216
U037	S0062	3/18/2025 11:34	220
U045	S0071	3/26/2025 10:50	164
U014	S0052	3/27/2025 13:25	203
U049	S0023	3/28/2025 17:34	155
U003	S0093	3/24/2025 22:53	259
U009	S0075	3/20/2025 3:22	197
U022	S0079	3/23/2025 3:18	130
U004	S0034	3/21/2025 12:11	37
U036	S0064	3/18/2025 3:35	81
U006	S0028	3/18/2025 13:59	187
U017	S0035	3/26/2025 15:15	277
U009	S0028	3/26/2025 4:39	68
U009	S0017	3/23/2025 2:57	140
U028	S0020	3/28/2025 7:52	258
U032	S0034	3/22/2025 18:13	112
U018	S0032	3/17/2025 20:58	51
U038	S0037	3/17/2025 20:31	268
U018	S0026	3/24/2025 5:26	82
U016	S0040	3/19/2025 3:42	63
U021	S0029	3/19/2025 2:18	198
U043	S0017	3/18/2025 19:04	297
U037	S0068	3/27/2025 6:20	74
U008	S0046	3/20/2025 6:39	118
U028	S0071	3/21/2025 3:40	49
U049	S0011	3/28/2025 15:51	256
U016	S0061	3/29/2025 5:26	108
U028	S0043	3/28/2025 15:03	111
U008	S0028	3/21/2025 22:26	238
U001	S0046	3/22/2025 20:13	283
U019	S0065	3/26/2025 16:28	181
U013	S0061	3/17/2025 11:38	54
U019	S0004	3/27/2025 18:38	285
U041	S0070	3/20/2025 20:04	201
U031	S0083	3/18/2025 0:35	266
U019	S0026	3/28/2025 11:22	71
U003	S0066	3/28/2025 13:26	51
U022	S0048	3/20/2025 3:26	39
U024	S0086	3/23/2025 5:10	73
U032	S0010	3/27/2025 22:53	290
U023	S0035	3/19/2025 2:39	207
U009	S0095	3/29/2025 15:20	178
U010	S0079	3/21/2025 19:06	265
U005	S0036	3/17/2025 18:37	274
U047	S0026	3/19/2025 5:21	225
U004	S0075	3/24/2025 19:09	250
U043	S0031	3/25/2025 14:40	187
U035	S0042	3/29/2025 3:29	177
U025	S0070	3/24/2025 10:11	257
U039	S0021	3/21/2025 7:27	150
U031	S0041	3/21/2025 10:57	260
U024	S0056	3/25/2025 15:30	103
U032	S0055	3/18/2025 9:57	243
U048	S0035	3/22/2025 4:25	184
U003	S0075	3/18/2025 0:08	73
U012	S0032	3/23/2025 22:55	267
U008	S0097	3/19/2025 15:39	271
U026	S0094	3/22/2025 21:36	101
U046	S0058	3/28/2025 18:53	195
U044	S0007	3/18/2025 17:45	118
U018	S0060	3/19/2025 22:05	185
U037	S0044	3/24/2025 16:51	207
U034	S0060	3/18/2025 23:41	131
U048	S0028	3/22/2025 19:43	294
U046	S0098	3/20/2025 14:42	100
U026	S0035	3/24/2025 17:31	179
U050	S0044	3/27/2025 7:36	89
U005	S0075	3/18/2025 4:08	263
U001	S0093	3/17/2025 15:33	185
U003	S0069	3/26/2025 11:26	71
U015	S0015	3/23/2025 22:12	58
U010	S0016	3/28/2025 11:00	166
U018	S0043	3/18/2025 12:58	217
U047	S0045	3/25/2025 17:43	98
U034	S0063	3/23/2025 4:33	162
U041	S0030	3/26/2025 17:47	76
U050	S0026	3/28/2025 8:58	74
U043	S0001	3/28/2025 0:04	240
U040	S0069	3/27/2025 7:07	153
U006	S0072	3/20/2025 7:59	125
U032	S0064	3/25/2025 19:26	186
U007	S0036	3/26/2025 23:52	79
U035	S0060	3/17/2025 8:58	269
U015	S0023	3/19/2025 7:34	124
U003	S0095	3/21/2025 9:38	32
U024	S0034	3/26/2025 10:35	71
U023	S0035	3/24/2025 4:54	49
U010	S0075	3/23/2025 7:50	240
U041	S0052	3/18/2025 4:04	160
U013	S0053	3/23/2025 8:07	234
U012	S0053	3/19/2025 16:36	82
U045	S0088	3/27/2025 4:44	261
U003	S0075	3/19/2025 12:15	222
U025	S0045	3/18/2025 13:11	169
U008	S0005	3/17/2025 21:28	88
U037	S0065	3/22/2025 10:03	274
U037	S0003	3/17/2025 17:10	137
U045	S0054	3/26/2025 9:37	46
U023	S0050	3/21/2025 0:29	66
U009	S0093	3/24/2025 5:26	45
U024	S0022	3/20/2025 13:47	36
U004	S0058	3/20/2025 18:27	75
U037	S0051	3/20/2025 18:33	298
U046	S0065	3/18/2025 3:05	130
U010	S0058	3/27/2025 17:41	138
U046	S0029	3/26/2025 5:31	32
U002	S0005	3/28/2025 23:50	144
U045	S0001	3/23/2025 18:51	251
U041	S0012	3/20/2025 1:35	166
U045	S0048	3/19/2025 2:13	257
U003	S0084	3/23/2025 21:51	48
U047	S0033	3/23/2025 16:38	44
U036	S0025	3/22/2025 22:13	39
U030	S0062	3/26/2025 3:52	77
U021	S0046	3/22/2025 21:01	137
U040	S0046	3/17/2025 7:54	215
U035	S0011	3/26/2025 7:06	142
U047	S0009	3/27/2025 17:00	139
U021	S0005	3/29/2025 9:13	56
U028	S0093	3/21/2025 23:03	282
U023	S0052	3/22/2025 19:40	271
U027	S0028	3/26/2025 8:41	188
U011	S0054	3/26/2025 16:23	277
U049	S0078	3/19/2025 21:36	38
U044	S0077	3/20/2025 9:26	273
U010	S0058	3/18/2025 14:18	202
U040	S0065	3/22/2025 15:10	122
U042	S0027	3/17/2025 10:47	195
U017	S0058	3/29/2025 18:16	289
U006	S0093	3/27/2025 5:36	231
U028	S0084	3/25/2025 13:17	31
U029	S0075	3/25/2025 1:46	284
U017	S0027	3/18/2025 9:16	269
U011	S0062	3/28/2025 16:01	218
U047	S0074	3/22/2025 6:19	32
U035	S0025	3/22/2025 15:37	88
U049	S0058	3/23/2025 11:32	90
U012	S0088	3/19/2025 21:47	165
U021	S0030	3/20/2025 13:13	217
U041	S0072	3/26/2025 9:37	190
U046	S0032	3/18/2025 15:27	214
U049	S0090	3/22/2025 13:16	57
U042	S0086	3/17/2025 10:28	35
U028	S0048	3/22/2025 11:15	174
U049	S0091	3/20/2025 16:50	165
U006	S0004	3/20/2025 3:25	252
U045	S0004	3/19/2025 23:07	57
U035	S0083	3/25/2025 2:57	94
U013	S0037	3/25/2025 5:54	81
U043	S0028	3/24/2025 3:37	215
U039	S0001	3/23/2025 16:52	73
U005	S0005	3/19/2025 16:59	177
U034	S0083	3/22/2025 14:06	146
U013	S0063	3/25/2025 21:13	89
U019	S0055	3/28/2025 6:37	44
U014	S0004	3/29/2025 14:09	61
U009	S0058	3/20/2025 10:57	242
U013	S0031	3/28/2025 13:57	69
U020	S0039	3/25/2025 3:11	286
U047	S0072	3/18/2025 9:51	105
U046	S0027	3/19/2025 3:42	88
U034	S0026	3/18/2025 16:35	102
U002	S0091	3/28/2025 10:23	87
U003	S0097	3/22/2025 13:44	231
U003	S0092	3/21/2025 16:05	215
U024	S0012	3/27/2025 15:20	66
U044	S0014	3/21/2025 6:22	235
U019	S0036	3/25/2025 5:28	66
U012	S0022	3/25/2025 5:08	62
U048	S0100	3/23/2025 22:41	190
U049	S0027	3/27/2025 9:59	237
U002	S0097	3/17/2025 15:50	38
U025	S0015	3/28/2025 23:33	205
U007	S0028	3/22/2025 5:42	257
U027	S0012	3/19/2025 4:34	95
U023	S0086	3/20/2025 22:09	88
U018	S0055	3/22/2025 14:04	194
U048	S0043	3/22/2025 8:40	76
U013	S0010	3/27/2025 11:38	90
U005	S0036	3/18/2025 14:40	132
U007	S0028	3/24/2025 13:54	65
U011	S0069	3/24/2025 11:48	247
U034	S0028	3/24/2025 6:00	256
U014	S0085	3/20/2025 4:03	274
U037	S0084	3/19/2025 22:06	186
U034	S0099	3/27/2025 16:56	35
U008	S0075	3/25/2025 16:45	109
U041	S0060	3/18/2025 14:14	240
U009	S0028	3/21/2025 2:55	263
U005	S0005	3/29/2025 2:29	188
U045	S0080	3/23/2025 9:52	178
U008	S0066	3/19/2025 10:42	95
U009	S0058	3/29/2025 16:45	203
U046	S0063	3/26/2025 9:39	97
U029	S0040	3/17/2025 5:29	243
U030	S0041	3/17/2025 7:56	115
U032	S0067	3/19/2025 16:51	68
U036	S0094	3/24/2025 11:07	277
U001	S0046	3/23/2025 13:33	38
U048	S0026	3/17/2025 17:17	136
U049	S0047	3/23/2025 17:32	259
U043	S0025	3/21/2025 0:23	251
U004	S0091	3/29/2025 6:01	101
U021	S0089	3/27/2025 18:05	122
U029	S0027	3/27/2025 8:31	298
U004	S0058	3/20/2025 14:38	265
U016	S0011	3/27/2025 4:19	144
U045	S0039	3/26/2025 2:28	260
U002	S0097	3/23/2025 6:24	225
U049	S0030	3/28/2025 23:12	38
U041	S0012	3/27/2025 13:44	259
U031	S0047	3/19/2025 10:44	233
U032	S0010	3/25/2025 22:14	165
U009	S0068	3/27/2025 23:12	180
U004	S0091	3/23/2025 13:31	161
U049	S0048	3/23/2025 16:39	76
U013	S0032	3/28/2025 0:10	186
U020	S0032	3/17/2025 0:43	230
U040	S0092	3/26/2025 11:27	126
U024	S0099	3/17/2025 2:14	258
U036	S0099	3/27/2025 9:38	253
U017	S0038	3/26/2025 15:14	44
U003	S0028	3/27/2025 23:18	35
U034	S0006	3/22/2025 14:52	193
U021	S0065	3/17/2025 1:34	104
U024	S0029	3/18/2025 14:32	169
U017	S0068	3/25/2025 0:34	160
U014	S0088	3/25/2025 22:44	126
U048	S0063	3/24/2025 7:28	90
U013	S0089	3/20/2025 21:46	238
U008	S0058	3/18/2025 3:08	247
U042	S0057	3/27/2025 2:14	138
U025	S0082	3/27/2025 12:36	74
U026	S0096	3/28/2025 9:09	55
U046	S0012	3/21/2025 8:10	154
U011	S0099	3/22/2025 14:45	138
U034	S0093	3/17/2025 14:08	233
U049	S0082	3/23/2025 1:56	135
U044	S0059	3/21/2025 10:07	168
U034	S0002	3/27/2025 9:49	283
U044	S0060	3/29/2025 23:37	69
U049	S0004	3/25/2025 13:26	45
U040	S0007	3/23/2025 19:42	277
U034	S0044	3/26/2025 4:32	261
U008	S0036	3/27/2025 8:48	260
U004	S0095	3/29/2025 19:03	175
U035	S0044	3/25/2025 1:30	147
U040	S0032	3/29/2025 18:42	285
U045	S0073	3/26/2025 20:40	250
U050	S0034	3/19/2025 22:08	226
U040	S0067	3/23/2025 4:46	204
U015	S0063	3/21/2025 21:00	282
U003	S0066	3/25/2025 12:10	197
U029	S0080	3/20/2025 22:07	168
U010	S0058	3/17/2025 15:12	75
U034	S0062	3/28/2025 14:23	47
U028	S0071	3/27/2025 13:53	66
U027	S0075	3/29/2025 12:35	158
U037	S0078	3/17/2025 13:28	221
U001	S0066	3/27/2025 6:09	84
U024	S0087	3/17/2025 5:53	91
U026	S0005	3/27/2025 10:13	38
U006	S0091	3/28/2025 0:23	233
U005	S0036	3/20/2025 7:22	216
U050	S0050	3/29/2025 19:44	136
U018	S0100	3/21/2025 22:11	143
U026	S0081	3/26/2025 18:11	285
U045	S0020	3/18/2025 21:46	92
U044	S0051	3/25/2025 6:20	33
U005	S0091	3/27/2025 2:45	94
U012	S0011	3/26/2025 13:36	250
U035	S0099	3/25/2025 16:52	163
U050	S0029	3/25/2025 0:48	281
U042	S0058	3/17/2025 7:36	251
U043	S0095	3/18/2025 10:28	183
U041	S0088	3/18/2025 20:56	222
U033	S0043	3/24/2025 21:08	65
U013	S0029	3/24/2025 0:48	68
U003	S0075	3/23/2025 6:42	92
U025	S0056	3/29/2025 9:38	197
U033	S0022	3/17/2025 3:35	233
U033	S0026	3/20/2025 21:29	267
U020	S0020	3/17/2025 10:08	281
U015	S0012	3/23/2025 1:32	36
U046	S0099	3/20/2025 11:54	62
U018	S0081	3/17/2025 1:38	193
U011	S0016	3/25/2025 15:39	116
U035	S0033	3/23/2025 6:19	155
U032	S0037	3/29/2025 6:20	206
U012	S0099	3/25/2025 13:09	209
U003	S0092	3/19/2025 0:32	76
U016	S0023	3/20/2025 2:03	125
U022	S0064	3/24/2025 13:47	209
U047	S0097	3/26/2025 23:05	294
U041	S0049	3/29/2025 13:45	248
U028	S0072	3/20/2025 2:44	62
U033	S0078	3/20/2025 17:10	274
U001	S0058	3/22/2025 4:01	53
U011	S0005	3/23/2025 18:05	232
U003	S0005	3/21/2025 19:57	139
U032	S0075	3/26/2025 14:57	90
U019	S0039	3/27/2025 15:21	131
U029	S0078	3/23/2025 6:20	151
U048	S0048	3/20/2025 1:53	36
U037	S0015	3/25/2025 3:19	169
U047	S0032	3/24/2025 5:15	171
U048	S0032	3/17/2025 8:46	213
U029	S0001	3/23/2025 5:13	51
U030	S0054	3/28/2025 12:36	245
U018	S0001	3/17/2025 5:10	48
U033	S0047	3/29/2025 0:28	229
U024	S0017	3/20/2025 2:28	267
U034	S0013	3/24/2025 4:04	108
U006	S0028	3/28/2025 22:57	45
U041	S0097	3/26/2025 15:28	260
U028	S0028	3/19/2025 1:54	255
U016	S0005	3/18/2025 23:43	67
U043	S0029	3/26/2025 15:30	117
U040	S0032	3/20/2025 7:18	97
U025	S0011	3/17/2025 13:20	81
U035	S0088	3/18/2025 14:25	110
U004	S0046	3/24/2025 21:12	44
U020	S0026	3/18/2025 3:07	293
U023	S0036	3/17/2025 11:23	265
U036	S0028	3/23/2025 16:55	197
U016	S0079	3/26/2025 12:58	152
U002	S0005	3/24/2025 17:27	88
U033	S0095	3/21/2025 12:04	97
U003	S0075	3/20/2025 1:54	175
U029	S0064	3/22/2025 0:47	296
U041	S0072	3/25/2025 3:26	165
U004	S0001	3/27/2025 15:55	298
U008	S0036	3/18/2025 16:06	114
U036	S0039	3/27/2025 6:42	176
U044	S0006	3/29/2025 6:37	197
U007	S0036	3/29/2025 0:36	138
U010	S0066	3/22/2025 8:25	201
U006	S0046	3/25/2025 5:05	148
U031	S0011	3/27/2025 11:23	155
U021	S0001	3/25/2025 15:10	239
U016	S0073	3/24/2025 23:46	177
U007	S0005	3/26/2025 15:52	248
U038	S0017	3/19/2025 19:55	194
U024	S0065	3/19/2025 21:42	84
U047	S0084	3/17/2025 1:22	230
U047	S0051	3/17/2025 3:52	146
U008	S0058	3/22/2025 7:29	204
U002	S0076	3/21/2025 23:20	169
U028	S0044	3/23/2025 18:29	107
U008	S0051	3/25/2025 2:37	273
U021	S0078	3/27/2025 19:41	127
U013	S0077	3/23/2025 14:19	142
U040	S0100	3/20/2025 23:21	262
U044	S0030	3/22/2025 11:42	236
U015	S0015	3/25/2025 21:49	59
U003	S0095	3/19/2025 14:02	152
U016	S0095	3/29/2025 3:01	66
U042	S0039	3/23/2025 16:36	35
U034	S0066	3/26/2025 12:26	145
U017	S0006	3/17/2025 13:31	59
U023	S0041	3/17/2025 17:50	71
U013	S0090	3/25/2025 23:02	160
U014	S0009	3/23/2025 16:13	84
U049	S0006	3/20/2025 6:59	128
U049	S0085	3/24/2025 11:10	201
U036	S0087	3/20/2025 5:36	168
U042	S0092	3/22/2025 1:52	77
U034	S0085	3/28/2025 7:18	195
U029	S0002	3/24/2025 14:22	151
U003	S0095	3/19/2025 17:34	213
U012	S0045	3/20/2025 8:25	198
U041	S0092	3/25/2025 23:04	78
U017	S0001	3/28/2025 1:02	51
U040	S0070	3/28/2025 8:03	175
U027	S0006	3/26/2025 6:12	93
U037	S0003	3/28/2025 7:42	201
U030	S0058	3/24/2025 2:03	273
U046	S0029	3/29/2025 7:51	176
U022	S0006	3/22/2025 3:45	191
U044	S0034	3/27/2025 21:43	203
U048	S0099	3/25/2025 13:31	179
U049	S0052	3/25/2025 5:03	96
U011	S0064	3/21/2025 19:22	100
U035	S0062	3/29/2025 4:43	178
U038	S0041	3/18/2025 20:13	56
U003	S0046	3/21/2025 14:00	225
U012	S0031	3/21/2025 10:51	244
U045	S0099	3/24/2025 6:30	132
U045	S0064	3/22/2025 1:25	219
U017	S0007	3/23/2025 8:12	179
U047	S0031	3/29/2025 0:32	144
U025	S0068	3/22/2025 21:06	128
U030	S0020	3/23/2025 15:54	119
U013	S0096	3/29/2025 9:26	156
U013	S0076	3/18/2025 4:14	214
U008	S0092	3/29/2025 19:50	191
U038	S0025	3/25/2025 18:16	128
U049	S0015	3/19/2025 10:59	250
U004	S0093	3/19/2025 18:08	254
U032	S0089	3/18/2025 2:48	257
U023	S0093	3/23/2025 15:31	122
U025	S0028	3/26/2025 11:56	287
U011	S0079	3/27/2025 20:29	140
U050	S0088	3/23/2025 19:56	53
U018	S0075	3/18/2025 4:30	109
U037	S0065	3/17/2025 15:43	236
U006	S0005	3/26/2025 16:16	72
U016	S0004	3/22/2025 1:15	198
U048	S0035	3/25/2025 8:06	277
U037	S0090	3/19/2025 20:56	289
U038	S0010	3/18/2025 22:38	184
U007	S0005	3/27/2025 18:35	59
U041	S0064	3/19/2025 22:42	213
U036	S0041	3/26/2025 17:42	281
U004	S0005	3/21/2025 5:43	100
U049	S0050	3/20/2025 9:23	58
U027	S0068	3/20/2025 8:46	266
U048	S0011	3/21/2025 17:50	266
U030	S0063	3/23/2025 14:13	160
U042	S0020	3/20/2025 21:06	263
U001	S0005	3/28/2025 12:56	51
U017	S0001	3/27/2025 1:53	120
U027	S0040	3/24/2025 16:07	224
U044	S0008	3/23/2025 23:40	274
U019	S0045	3/23/2025 2:44	274
U050	S0021	3/23/2025 2:47	246
U036	S0040	3/18/2025 11:55	106
U049	S0023	3/22/2025 3:33	70
U048	S0049	3/27/2025 6:06	240
U006	S0028	3/21/2025 22:19	153
U022	S0074	3/19/2025 10:09	147
U026	S0020	3/28/2025 21:09	268
U035	S0061	3/20/2025 23:07	297
U003	S0095	3/21/2025 15:09	121
U042	S0027	3/17/2025 16:12	198
U024	S0010	3/20/2025 21:38	70
U043	S0035	3/24/2025 1:55	135
U046	S0080	3/27/2025 10:30	192
U017	S0053	3/23/2025 7:28	240
U023	S0087	3/20/2025 15:29	281
U017	S0017	3/21/2025 6:48	47
U027	S0019	3/17/2025 0:56	263
U018	S0074	3/17/2025 2:16	164
U050	S0030	3/21/2025 19:58	78
U012	S0054	3/22/2025 5:39	76
U002	S0095	3/22/2025 3:14	118
U016	S0002	3/21/2025 14:15	48
U046	S0043	3/19/2025 23:29	86
U004	S0070	3/28/2025 17:54	227
U049	S0068	3/19/2025 5:27	63
U028	S0004	3/24/2025 4:45	184
U033	S0050	3/29/2025 3:02	105
U006	S0061	3/18/2025 10:21	275
U040	S0070	3/20/2025 9:06	201
U019	S0024	3/17/2025 22:48	209
U002	S0091	3/18/2025 2:40	107
U011	S0080	3/29/2025 11:37	297
U026	S0020	3/23/2025 15:27	171
U022	S0081	3/26/2025 21:54	253
U041	S0080	3/17/2025 7:06	108
U019	S0048	3/28/2025 13:12	55
U033	S0034	3/24/2025 0:50	269
U028	S0033	3/28/2025 11:16	295
U004	S0036	3/19/2025 8:23	31
U023	S0087	3/21/2025 17:38	229
U002	S0095	3/17/2025 8:24	294
U012	S0063	3/29/2025 19:30	141
U049	S0097	3/18/2025 7:42	263
U012	S0064	3/28/2025 23:07	224
U040	S0083	3/19/2025 5:38	66
U001	S0005	3/21/2025 2:28	195
U028	S0066	3/25/2025 10:30	161
U015	S0033	3/24/2025 3:57	147
U029	S0007	3/24/2025 9:36	215
U011	S0085	3/17/2025 19:46	43
U038	S0056	3/17/2025 3:41	256
U022	S0096	3/19/2025 11:56	76
U035	S0015	3/29/2025 21:23	231
U050	S0047	3/18/2025 3:53	285
U024	S0059	3/22/2025 8:25	168
U036	S0041	3/20/2025 6:55	56
U014	S0056	3/23/2025 8:36	168
U037	S0030	3/20/2025 8:41	154
U024	S0008	3/22/2025 4:44	252
U037	S0014	3/28/2025 19:17	249
U025	S0022	3/21/2025 0:54	138
U024	S0073	3/18/2025 16:07	174
U005	S0091	3/25/2025 15:42	159
U048	S0049	3/22/2025 23:53	79
U033	S0049	3/19/2025 11:01	126
U019	S0043	3/27/2025 16:48	47
U027	S0015	3/25/2025 18:27	163
U002	S0058	3/26/2025 3:59	252
U011	S0072	3/28/2025 3:32	210
U042	S0097	3/27/2025 10:04	104
U001	S0036	3/23/2025 0:16	97
U015	S0070	3/23/2025 2:00	70
U026	S0040	3/23/2025 13:01	87
U019	S0098	3/29/2025 17:51	120
U044	S0066	3/23/2025 4:08	47
U042	S0073	3/26/2025 2:14	126
U025	S0087	3/23/2025 17:53	224
U013	S0083	3/23/2025 19:04	208
U019	S0079	3/25/2025 15:44	198
U047	S0008	3/20/2025 7:51	114
U016	S0019	3/22/2025 23:09	37
U038	S0079	3/19/2025 1:26	250
U021	S0061	3/25/2025 2:38	70
U022	S0036	3/23/2025 22:33	179
U047	S0027	3/19/2025 23:01	183
U032	S0056	3/21/2025 2:41	47
U048	S0048	3/17/2025 0:44	218
U015	S0062	3/17/2025 9:40	151
U029	S0038	3/25/2025 4:07	264
U016	S0059	3/17/2025 9:17	82
U011	S0081	3/20/2025 21:59	210
U026	S0064	3/26/2025 21:34	193
U014	S0022	3/26/2025 7:51	54
U031	S0070	3/18/2025 7:28	279
U007	S0028	3/21/2025 6:29	137
U034	S0006	3/29/2025 14:10	140
U018	S0079	3/22/2025 3:47	174
U005	S0005	3/20/2025 5:03	140
U012	S0084	3/19/2025 13:21	282
U014	S0021	3/27/2025 11:09	208
U020	S0082	3/26/2025 13:33	51
U020	S0062	3/27/2025 9:24	148
U050	S0041	3/23/2025 14:34	252
U025	S0037	3/29/2025 18:58	145
U018	S0028	3/21/2025 4:21	281
U015	S0091	3/21/2025 4:35	259
U021	S0062	3/21/2025 13:11	278
U026	S0071	3/19/2025 8:37	138
U042	S0083	3/21/2025 8:26	266
U030	S0076	3/27/2025 23:37	270
U047	S0070	3/26/2025 18:15	164
U041	S0014	3/25/2025 0:59	70
U033	S0019	3/19/2025 20:43	165
U015	S0041	3/21/2025 9:20	271
U035	S0077	3/18/2025 23:29	163
U050	S0063	3/21/2025 23:48	99
U047	S0003	3/27/2025 23:57	236
U033	S0056	3/28/2025 20:28	236
U035	S0085	3/29/2025 5:21	136
U002	S0005	3/23/2025 18:13	146
U023	S0037	3/25/2025 15:56	276
U005	S0095	3/23/2025 17:09	147
U006	S0046	3/17/2025 19:36	92
U047	S0047	3/27/2025 16:56	131
U047	S0056	3/25/2025 22:46	163
U047	S0053	3/20/2025 10:38	104
U024	S0044	3/23/2025 17:11	108
U014	S0087	3/24/2025 2:49	109
U019	S0002	3/27/2025 13:46	181
U013	S0095	3/24/2025 21:55	226
U011	S0061	3/27/2025 10:11	278
U020	S0005	3/23/2025 10:48	107
U029	S0084	3/26/2025 8:39	153
U045	S0074	3/27/2025 6:29	33
U003	S0091	3/29/2025 21:15	165
U037	S0007	3/29/2025 13:55	112
U013	S0031	3/22/2025 21:42	268
